coco_image_id,original_coco_split,original_file_name,local_path,image_path,label_path,preview_path,target_classes,instance_count,laptop_instances,keyboard_instances,cup_instances,source,coco_url,license_or_source_metadata,status,sha256,annotation_source,selection_seed,v3_filename
434900,train2017,000000434900.jpg,data/v3/coco/images/coco_train2017_000000434900.jpg,data/v3/coco/images/coco_train2017_000000434900.jpg,data/v3/coco/labels/coco_train2017_000000434900.txt,data/v3/coco/previews/coco_train2017_000000434900.jpg,laptop;keyboard,8,1,7,0,official_COCO_2017,http://images.cocodataset.org/train2017/000000434900.jpg,COCO license_id=3,included_train_auxiliary,5d1face2542a619e1fe1d0c59356bbd0b0a115ca7906037cbc3158a2b486e4ab,official_COCO_instances_train2017,20260830,coco_train2017_000000434900.jpg
97492,train2017,000000097492.jpg,data/v3/coco/images/coco_train2017_000000097492.jpg,data/v3/coco/images/coco_train2017_000000097492.jpg,data/v3/coco/labels/coco_train2017_000000097492.txt,data/v3/coco/previews/coco_train2017_000000097492.jpg,laptop;keyboard,8,3,5,0,official_COCO_2017,http://images.cocodataset.org/train2017/000000097492.jpg,COCO license_id=2,included_train_auxiliary,d410e06f9e4b2713092c146a47e0d97d36809da19ddb7e4b1d3cb7f4fe0fb4ef,official_COCO_instances_train2017,20260830,coco_train2017_000000097492.jpg
40304,train2017,000000040304.jpg,data/v3/coco/images/coco_train2017_000000040304.jpg,data/v3/coco/images/coco_train2017_000000040304.jpg,data/v3/coco/labels/coco_train2017_000000040304.txt,data/v3/coco/previews/coco_train2017_000000040304.jpg,laptop;keyboard,9,4,5,0,official_COCO_2017,http://images.cocodataset.org/train2017/000000040304.jpg,COCO license_id=5,included_train_auxiliary,eb3ab8b91db6409ab3bf42a56bc3904ddebe0d9f7277cf23b70c5217310d9d32,official_COCO_instances_train2017,20260830,coco_train2017_000000040304.jpg
252771,train2017,000000252771.jpg,data/v3/coco/images/coco_train2017_000000252771.jpg,data/v3/coco/images/coco_train2017_000000252771.jpg,data/v3/coco/labels/coco_train2017_000000252771.txt,data/v3/coco/previews/coco_train2017_000000252771.jpg,laptop;keyboard,9,4,5,0,official_COCO_2017,http://images.cocodataset.org/train2017/000000252771.jpg,COCO license_id=4,included_train_auxiliary,725729f3c5332c3101ddd9b987f41c21ebc77e918c337e61e75f7f95006218d8,official_COCO_instances_train2017,20260830,coco_train2017_000000252771.jpg
72315,train2017,000000072315.jpg,data/v3/coco/images/coco_train2017_000000072315.jpg,data/v3/coco/images/coco_train2017_000000072315.jpg,data/v3/coco/labels/coco_train2017_000000072315.txt,data/v3/coco/previews/coco_train2017_000000072315.jpg,laptop;keyboard,7,3,4,0,official_COCO_2017,http://images.cocodataset.org/train2017/000000072315.jpg,COCO license_id=3,included_train_auxiliary,b2e4e5bfecd618b47f2f52f89ab5b712448e4e2dd98b1efd728c25cbf747c97d,official_COCO_instances_train2017,20260830,coco_train2017_000000072315.jpg
247098,train2017,000000247098.jpg,data/v3/coco/images/coco_train2017_000000247098.jpg,data/v3/coco/images/coco_train2017_000000247098.jpg,data/v3/coco/labels/coco_train2017_000000247098.txt,data/v3/coco/previews/coco_train2017_000000247098.jpg,laptop;keyboard;cup,8,2,4,2,official_COCO_2017,http://images.cocodataset.org/train2017/000000247098.jpg,COCO license_id=3,included_train_auxiliary,bf6402e7dc6154ba3d8990226d80909ac1b4e8e818cd94d507376b1fbe482f13,official_COCO_instances_train2017,20260830,coco_train2017_000000247098.jpg
486457,train2017,000000486457.jpg,data/v3/coco/images/coco_train2017_000000486457.jpg,data/v3/coco/images/coco_train2017_000000486457.jpg,data/v3/coco/labels/coco_train2017_000000486457.txt,data/v3/coco/previews/coco_train2017_000000486457.jpg,laptop;keyboard;cup,6,2,2,2,official_COCO_2017,http://images.cocodataset.org/train2017/000000486457.jpg,COCO license_id=5,included_train_auxiliary,b2e056a161dce829402db43dc4da93beac129cd5a36b26a5291c893d7f5cbd57,official_COCO_instances_train2017,20260830,coco_train2017_000000486457.jpg
375093,train2017,000000375093.jpg,data/v3/coco/images/coco_train2017_000000375093.jpg,data/v3/coco/images/coco_train2017_000000375093.jpg,data/v3/coco/labels/coco_train2017_000000375093.txt,data/v3/coco/previews/coco_train2017_000000375093.jpg,laptop;keyboard;cup,6,2,2,2,official_COCO_2017,http://images.cocodataset.org/train2017/000000375093.jpg,COCO license_id=5,included_train_auxiliary,6888727dcef2014da37376351323d50467ab27f94c5ee388b4f66b03641db265,official_COCO_instances_train2017,20260830,coco_train2017_000000375093.jpg
74924,train2017,000000074924.jpg,data/v3/coco/images/coco_train2017_000000074924.jpg,data/v3/coco/images/coco_train2017_000000074924.jpg,data/v3/coco/labels/coco_train2017_000000074924.txt,data/v3/coco/previews/coco_train2017_000000074924.jpg,laptop;keyboard;cup,6,2,2,2,official_COCO_2017,http://images.cocodataset.org/train2017/000000074924.jpg,COCO license_id=1,included_train_auxiliary,d216666ae9c75447888a62c9dc42d544506dea5f30b833ffd9baffafbea112e6,official_COCO_instances_train2017,20260830,coco_train2017_000000074924.jpg
530047,train2017,000000530047.jpg,data/v3/coco/images/coco_train2017_000000530047.jpg,data/v3/coco/images/coco_train2017_000000530047.jpg,data/v3/coco/labels/coco_train2017_000000530047.txt,data/v3/coco/previews/coco_train2017_000000530047.jpg,laptop;keyboard;cup,6,2,2,2,official_COCO_2017,http://images.cocodataset.org/train2017/000000530047.jpg,COCO license_id=3,included_train_auxiliary,685fa2d9d0cc399ad12cda6c84c78b8d202a0c0973bba6308f4c3381ae5bb205,official_COCO_instances_train2017,20260830,coco_train2017_000000530047.jpg
200680,train2017,000000200680.jpg,data/v3/coco/images/coco_train2017_000000200680.jpg,data/v3/coco/images/coco_train2017_000000200680.jpg,data/v3/coco/labels/coco_train2017_000000200680.txt,data/v3/coco/previews/coco_train2017_000000200680.jpg,laptop;keyboard;cup,6,2,2,2,official_COCO_2017,http://images.cocodataset.org/train2017/000000200680.jpg,COCO license_id=4,included_train_auxiliary,d74e08c2257f0d5ee11dfe15bec4cca896a0aa2e14322ae85e73530f4f3047bd,official_COCO_instances_train2017,20260830,coco_train2017_000000200680.jpg
357992,train2017,000000357992.jpg,data/v3/coco/images/coco_train2017_000000357992.jpg,data/v3/coco/images/coco_train2017_000000357992.jpg,data/v3/coco/labels/coco_train2017_000000357992.txt,data/v3/coco/previews/coco_train2017_000000357992.jpg,laptop;keyboard;cup,6,2,2,2,official_COCO_2017,http://images.cocodataset.org/train2017/000000357992.jpg,COCO license_id=4,included_train_auxiliary,591a8e90186eb8f446b11a24cbef950fbff33f003b8e66b40463f32b2d4519ab,official_COCO_instances_train2017,20260830,coco_train2017_000000357992.jpg
444941,train2017,000000444941.jpg,data/v3/coco/images/coco_train2017_000000444941.jpg,data/v3/coco/images/coco_train2017_000000444941.jpg,data/v3/coco/labels/coco_train2017_000000444941.txt,data/v3/coco/previews/coco_train2017_000000444941.jpg,laptop;keyboard;cup,6,2,2,2,official_COCO_2017,http://images.cocodataset.org/train2017/000000444941.jpg,COCO license_id=4,included_train_auxiliary,3169653b6d21de30a114c4df5a47dc9419f27629cdc5e294d95f97e5e154691c,official_COCO_instances_train2017,20260830,coco_train2017_000000444941.jpg
342130,train2017,000000342130.jpg,data/v3/coco/images/coco_train2017_000000342130.jpg,data/v3/coco/images/coco_train2017_000000342130.jpg,data/v3/coco/labels/coco_train2017_000000342130.txt,data/v3/coco/previews/coco_train2017_000000342130.jpg,laptop;keyboard;cup,8,2,3,3,official_COCO_2017,http://images.cocodataset.org/train2017/000000342130.jpg,COCO license_id=3,included_train_auxiliary,a37c15d841ace6333235cc5941e18f5372c597d9c24b19894310538af262309b,official_COCO_instances_train2017,20260830,coco_train2017_000000342130.jpg
438855,train2017,000000438855.jpg,data/v3/coco/images/coco_train2017_000000438855.jpg,data/v3/coco/images/coco_train2017_000000438855.jpg,data/v3/coco/labels/coco_train2017_000000438855.txt,data/v3/coco/previews/coco_train2017_000000438855.jpg,laptop;keyboard;cup,7,3,2,2,official_COCO_2017,http://images.cocodataset.org/train2017/000000438855.jpg,COCO license_id=1,included_train_auxiliary,65999f3a650fc51a032696f28a528c2a8be171bf65801001773b67b2c65091d2,official_COCO_instances_train2017,20260830,coco_train2017_000000438855.jpg
19544,train2017,000000019544.jpg,data/v3/coco/images/coco_train2017_000000019544.jpg,data/v3/coco/images/coco_train2017_000000019544.jpg,data/v3/coco/labels/coco_train2017_000000019544.txt,data/v3/coco/previews/coco_train2017_000000019544.jpg,laptop;keyboard;cup,7,2,3,2,official_COCO_2017,http://images.cocodataset.org/train2017/000000019544.jpg,COCO license_id=4,included_train_auxiliary,221947a2fdcef010d8cad922f8db5494d038e915207b71a7883d9fcf1e8d8edf,official_COCO_instances_train2017,20260830,coco_train2017_000000019544.jpg
297876,train2017,000000297876.jpg,data/v3/coco/images/coco_train2017_000000297876.jpg,data/v3/coco/images/coco_train2017_000000297876.jpg,data/v3/coco/labels/coco_train2017_000000297876.txt,data/v3/coco/previews/coco_train2017_000000297876.jpg,laptop;keyboard;cup,7,2,2,3,official_COCO_2017,http://images.cocodataset.org/train2017/000000297876.jpg,COCO license_id=1,included_train_auxiliary,3c7e6a086ed711dafb59382cfef012cbc2d51eae99bfbad4b90c45b761bdaabd,official_COCO_instances_train2017,20260830,coco_train2017_000000297876.jpg
254745,train2017,000000254745.jpg,data/v3/coco/images/coco_train2017_000000254745.jpg,data/v3/coco/images/coco_train2017_000000254745.jpg,data/v3/coco/labels/coco_train2017_000000254745.txt,data/v3/coco/previews/coco_train2017_000000254745.jpg,laptop;keyboard;cup,6,3,1,2,official_COCO_2017,http://images.cocodataset.org/train2017/000000254745.jpg,COCO license_id=4,included_train_auxiliary,58e88723662849b726e900bf04f64e1c252257b0bdb0c3abc06a7e49b1e89850,official_COCO_instances_train2017,20260830,coco_train2017_000000254745.jpg
498156,train2017,000000498156.jpg,data/v3/coco/images/coco_train2017_000000498156.jpg,data/v3/coco/images/coco_train2017_000000498156.jpg,data/v3/coco/labels/coco_train2017_000000498156.txt,data/v3/coco/previews/coco_train2017_000000498156.jpg,laptop;keyboard;cup,7,2,3,2,official_COCO_2017,http://images.cocodataset.org/train2017/000000498156.jpg,COCO license_id=1,included_train_auxiliary,d0993c06d83551050ee6ba510135fd93fbce41870d65bc8d1519bb8cc8355821,official_COCO_instances_train2017,20260830,coco_train2017_000000498156.jpg
73226,train2017,000000073226.jpg,data/v3/coco/images/coco_train2017_000000073226.jpg,data/v3/coco/images/coco_train2017_000000073226.jpg,data/v3/coco/labels/coco_train2017_000000073226.txt,data/v3/coco/previews/coco_train2017_000000073226.jpg,laptop;keyboard;cup,7,2,3,2,official_COCO_2017,http://images.cocodataset.org/train2017/000000073226.jpg,COCO license_id=2,included_train_auxiliary,9aa09443ca2965fc06c3371731e938e627089c9d861b312c7e724906c457b3ea,official_COCO_instances_train2017,20260830,coco_train2017_000000073226.jpg
381192,train2017,000000381192.jpg,data/v3/coco/images/coco_train2017_000000381192.jpg,data/v3/coco/images/coco_train2017_000000381192.jpg,data/v3/coco/labels/coco_train2017_000000381192.txt,data/v3/coco/previews/coco_train2017_000000381192.jpg,laptop;keyboard;cup,6,2,1,3,official_COCO_2017,http://images.cocodataset.org/train2017/000000381192.jpg,COCO license_id=1,included_train_auxiliary,4ea0b6839a76e5450401384f588387d48b7a7264fabab7b2dbf2379ffef05584,official_COCO_instances_train2017,20260830,coco_train2017_000000381192.jpg
241421,train2017,000000241421.jpg,data/v3/coco/images/coco_train2017_000000241421.jpg,data/v3/coco/images/coco_train2017_000000241421.jpg,data/v3/coco/labels/coco_train2017_000000241421.txt,data/v3/coco/previews/coco_train2017_000000241421.jpg,laptop;keyboard;cup,7,2,3,2,official_COCO_2017,http://images.cocodataset.org/train2017/000000241421.jpg,COCO license_id=2,included_train_auxiliary,1a057af83350a9529764bbb3402b0e2b341f91522e2aa454060b40355bcc0500,official_COCO_instances_train2017,20260830,coco_train2017_000000241421.jpg
391175,train2017,000000391175.jpg,data/v3/coco/images/coco_train2017_000000391175.jpg,data/v3/coco/images/coco_train2017_000000391175.jpg,data/v3/coco/labels/coco_train2017_000000391175.txt,data/v3/coco/previews/coco_train2017_000000391175.jpg,laptop;keyboard;cup,6,3,2,1,official_COCO_2017,http://images.cocodataset.org/train2017/000000391175.jpg,COCO license_id=2,included_train_auxiliary,ebf01c4bc34ec63e2ad136e0ddd4928dbb5ff093fdd2ab6d87d8b50fdeae69a7,official_COCO_instances_train2017,20260830,coco_train2017_000000391175.jpg
308915,train2017,000000308915.jpg,data/v3/coco/images/coco_train2017_000000308915.jpg,data/v3/coco/images/coco_train2017_000000308915.jpg,data/v3/coco/labels/coco_train2017_000000308915.txt,data/v3/coco/previews/coco_train2017_000000308915.jpg,laptop;keyboard;cup,8,2,2,4,official_COCO_2017,http://images.cocodataset.org/train2017/000000308915.jpg,COCO license_id=1,included_train_auxiliary,c398363dace3de79856abb92da27636fc504a9b7e2b8c5e9dfcefb111d7a783d,official_COCO_instances_train2017,20260830,coco_train2017_000000308915.jpg
370513,train2017,000000370513.jpg,data/v3/coco/images/coco_train2017_000000370513.jpg,data/v3/coco/images/coco_train2017_000000370513.jpg,data/v3/coco/labels/coco_train2017_000000370513.txt,data/v3/coco/previews/coco_train2017_000000370513.jpg,laptop;keyboard;cup,7,2,3,2,official_COCO_2017,http://images.cocodataset.org/train2017/000000370513.jpg,COCO license_id=3,included_train_auxiliary,00231dfc20cfeb1e0755823f0c5e4b44f12ae04644aade938583813eb7f3bf6c,official_COCO_instances_train2017,20260830,coco_train2017_000000370513.jpg
214087,train2017,000000214087.jpg,data/v3/coco/images/coco_train2017_000000214087.jpg,data/v3/coco/images/coco_train2017_000000214087.jpg,data/v3/coco/labels/coco_train2017_000000214087.txt,data/v3/coco/previews/coco_train2017_000000214087.jpg,laptop;keyboard;cup,6,3,2,1,official_COCO_2017,http://images.cocodataset.org/train2017/000000214087.jpg,COCO license_id=4,included_train_auxiliary,c3084ceab94fdd31d15aafd788f95c5068bb4968ccf93475e828ba3bea8921ab,official_COCO_instances_train2017,20260830,coco_train2017_000000214087.jpg
504896,train2017,000000504896.jpg,data/v3/coco/images/coco_train2017_000000504896.jpg,data/v3/coco/images/coco_train2017_000000504896.jpg,data/v3/coco/labels/coco_train2017_000000504896.txt,data/v3/coco/previews/coco_train2017_000000504896.jpg,laptop;keyboard;cup,6,1,2,3,official_COCO_2017,http://images.cocodataset.org/train2017/000000504896.jpg,COCO license_id=3,included_train_auxiliary,6b5dd515b8047f1ec376884e37f22f0234acfb05d66057bfd8103d5d4a31bdb5,official_COCO_instances_train2017,20260830,coco_train2017_000000504896.jpg
339290,train2017,000000339290.jpg,data/v3/coco/images/coco_train2017_000000339290.jpg,data/v3/coco/images/coco_train2017_000000339290.jpg,data/v3/coco/labels/coco_train2017_000000339290.txt,data/v3/coco/previews/coco_train2017_000000339290.jpg,laptop;keyboard;cup,6,3,2,1,official_COCO_2017,http://images.cocodataset.org/train2017/000000339290.jpg,COCO license_id=1,included_train_auxiliary,683f9f40fb9cf3e192ba8baeafe632434d2e8a380c015cdc2d2e6b82eef29881,official_COCO_instances_train2017,20260830,coco_train2017_000000339290.jpg
119909,train2017,000000119909.jpg,data/v3/coco/images/coco_train2017_000000119909.jpg,data/v3/coco/images/coco_train2017_000000119909.jpg,data/v3/coco/labels/coco_train2017_000000119909.txt,data/v3/coco/previews/coco_train2017_000000119909.jpg,laptop;keyboard;cup,6,1,2,3,official_COCO_2017,http://images.cocodataset.org/train2017/000000119909.jpg,COCO license_id=4,included_train_auxiliary,69af04d776d6e1f6c566f97c791a5a15e5701942aae0ffe13ad92820af84ea5d,official_COCO_instances_train2017,20260830,coco_train2017_000000119909.jpg
425117,train2017,000000425117.jpg,data/v3/coco/images/coco_train2017_000000425117.jpg,data/v3/coco/images/coco_train2017_000000425117.jpg,data/v3/coco/labels/coco_train2017_000000425117.txt,data/v3/coco/previews/coco_train2017_000000425117.jpg,laptop;keyboard;cup,6,3,2,1,official_COCO_2017,http://images.cocodataset.org/train2017/000000425117.jpg,COCO license_id=1,included_train_auxiliary,5cb1ab033f3f9d2b7f7fbe8c5e1533276c810bcbc13277e687f5d660246bf65c,official_COCO_instances_train2017,20260830,coco_train2017_000000425117.jpg
127342,train2017,000000127342.jpg,data/v3/coco/images/coco_train2017_000000127342.jpg,data/v3/coco/images/coco_train2017_000000127342.jpg,data/v3/coco/labels/coco_train2017_000000127342.txt,data/v3/coco/previews/coco_train2017_000000127342.jpg,laptop;keyboard;cup,6,1,2,3,official_COCO_2017,http://images.cocodataset.org/train2017/000000127342.jpg,COCO license_id=1,included_train_auxiliary,1ebdecc3c7795b47f6961b0a6324f4084b4890378841828ca33d3823e3c17d04,official_COCO_instances_train2017,20260830,coco_train2017_000000127342.jpg
453625,train2017,000000453625.jpg,data/v3/coco/images/coco_train2017_000000453625.jpg,data/v3/coco/images/coco_train2017_000000453625.jpg,data/v3/coco/labels/coco_train2017_000000453625.txt,data/v3/coco/previews/coco_train2017_000000453625.jpg,laptop;keyboard;cup,5,3,1,1,official_COCO_2017,http://images.cocodataset.org/train2017/000000453625.jpg,COCO license_id=1,included_train_auxiliary,6bf1884936459d722240d3d2fedfce27edd5c2c131eb0ecc16621771479c7635,official_COCO_instances_train2017,20260830,coco_train2017_000000453625.jpg
322321,train2017,000000322321.jpg,data/v3/coco/images/coco_train2017_000000322321.jpg,data/v3/coco/images/coco_train2017_000000322321.jpg,data/v3/coco/labels/coco_train2017_000000322321.txt,data/v3/coco/previews/coco_train2017_000000322321.jpg,laptop;keyboard;cup,5,1,2,2,official_COCO_2017,http://images.cocodataset.org/train2017/000000322321.jpg,COCO license_id=4,included_train_auxiliary,5b44fbee69bb4630496d530297c48a736ccbc2542803dc7b2f654b3f407640cb,official_COCO_instances_train2017,20260830,coco_train2017_000000322321.jpg
419501,train2017,000000419501.jpg,data/v3/coco/images/coco_train2017_000000419501.jpg,data/v3/coco/images/coco_train2017_000000419501.jpg,data/v3/coco/labels/coco_train2017_000000419501.txt,data/v3/coco/previews/coco_train2017_000000419501.jpg,laptop;keyboard;cup,5,1,2,2,official_COCO_2017,http://images.cocodataset.org/train2017/000000419501.jpg,COCO license_id=5,included_train_auxiliary,986aa5e3e474e290412893321d343c1291f168ea9b0f17414edcf04df3e32ebf,official_COCO_instances_train2017,20260830,coco_train2017_000000419501.jpg
458935,train2017,000000458935.jpg,data/v3/coco/images/coco_train2017_000000458935.jpg,data/v3/coco/images/coco_train2017_000000458935.jpg,data/v3/coco/labels/coco_train2017_000000458935.txt,data/v3/coco/previews/coco_train2017_000000458935.jpg,laptop;keyboard;cup,9,4,3,2,official_COCO_2017,http://images.cocodataset.org/train2017/000000458935.jpg,COCO license_id=5,included_train_auxiliary,cd4621aae8ab5fcc39ef1fecf6d690719fbcf092a5441936f672ff31e5844d02,official_COCO_instances_train2017,20260830,coco_train2017_000000458935.jpg
487548,train2017,000000487548.jpg,data/v3/coco/images/coco_train2017_000000487548.jpg,data/v3/coco/images/coco_train2017_000000487548.jpg,data/v3/coco/labels/coco_train2017_000000487548.txt,data/v3/coco/previews/coco_train2017_000000487548.jpg,laptop;keyboard;cup,6,2,1,3,official_COCO_2017,http://images.cocodataset.org/train2017/000000487548.jpg,COCO license_id=1,included_train_auxiliary,45d4b64011bcdf22e50a94c6e5537be362a7586b00e98ceea5133c33ebb6746f,official_COCO_instances_train2017,20260830,coco_train2017_000000487548.jpg
155107,train2017,000000155107.jpg,data/v3/coco/images/coco_train2017_000000155107.jpg,data/v3/coco/images/coco_train2017_000000155107.jpg,data/v3/coco/labels/coco_train2017_000000155107.txt,data/v3/coco/previews/coco_train2017_000000155107.jpg,laptop;keyboard;cup,6,2,3,1,official_COCO_2017,http://images.cocodataset.org/train2017/000000155107.jpg,COCO license_id=2,included_train_auxiliary,02e6eff2e5fa539cf751123089969caa331eb23858576d78144f0e2fe14966a3,official_COCO_instances_train2017,20260830,coco_train2017_000000155107.jpg
432522,train2017,000000432522.jpg,data/v3/coco/images/coco_train2017_000000432522.jpg,data/v3/coco/images/coco_train2017_000000432522.jpg,data/v3/coco/labels/coco_train2017_000000432522.txt,data/v3/coco/previews/coco_train2017_000000432522.jpg,laptop;keyboard;cup,9,2,3,4,official_COCO_2017,http://images.cocodataset.org/train2017/000000432522.jpg,COCO license_id=1,included_train_auxiliary,d1545182e8d0d0ee5ec6252925efcf5a14a1306ea1570b88c6df8a72721328f3,official_COCO_instances_train2017,20260830,coco_train2017_000000432522.jpg
423796,train2017,000000423796.jpg,data/v3/coco/images/coco_train2017_000000423796.jpg,data/v3/coco/images/coco_train2017_000000423796.jpg,data/v3/coco/labels/coco_train2017_000000423796.txt,data/v3/coco/previews/coco_train2017_000000423796.jpg,laptop;keyboard;cup,7,4,1,2,official_COCO_2017,http://images.cocodataset.org/train2017/000000423796.jpg,COCO license_id=5,included_train_auxiliary,d2e629381d36d6dd458d3106aeec8580585cf4aba95de7d9aaaf2daae456db0a,official_COCO_instances_train2017,20260830,coco_train2017_000000423796.jpg
5832,train2017,000000005832.jpg,data/v3/coco/images/coco_train2017_000000005832.jpg,data/v3/coco/images/coco_train2017_000000005832.jpg,data/v3/coco/labels/coco_train2017_000000005832.txt,data/v3/coco/previews/coco_train2017_000000005832.jpg,laptop;keyboard;cup,6,1,3,2,official_COCO_2017,http://images.cocodataset.org/train2017/000000005832.jpg,COCO license_id=6,included_train_auxiliary,223f856e591f8713a05ceae2a0230b42e45a1e4bcf55ee1706dceb48bc2c2ff2,official_COCO_instances_train2017,20260830,coco_train2017_000000005832.jpg
424470,train2017,000000424470.jpg,data/v3/coco/images/coco_train2017_000000424470.jpg,data/v3/coco/images/coco_train2017_000000424470.jpg,data/v3/coco/labels/coco_train2017_000000424470.txt,data/v3/coco/previews/coco_train2017_000000424470.jpg,laptop;keyboard;cup,6,2,3,1,official_COCO_2017,http://images.cocodataset.org/train2017/000000424470.jpg,COCO license_id=4,included_train_auxiliary,c33744a047ba66e2255f19a147fdd59bd8320ef3c314624aca145aa488bc8ef1,official_COCO_instances_train2017,20260830,coco_train2017_000000424470.jpg
567008,train2017,000000567008.jpg,data/v3/coco/images/coco_train2017_000000567008.jpg,data/v3/coco/images/coco_train2017_000000567008.jpg,data/v3/coco/labels/coco_train2017_000000567008.txt,data/v3/coco/previews/coco_train2017_000000567008.jpg,laptop;cup,5,2,0,3,official_COCO_2017,http://images.cocodataset.org/train2017/000000567008.jpg,COCO license_id=5,included_train_auxiliary,8074a78e34476e3d2a778aeebdb9a363bd8a945dd55a56f4e7be6dd91e96286d,official_COCO_instances_train2017,20260830,coco_train2017_000000567008.jpg
254169,train2017,000000254169.jpg,data/v3/coco/images/coco_train2017_000000254169.jpg,data/v3/coco/images/coco_train2017_000000254169.jpg,data/v3/coco/labels/coco_train2017_000000254169.txt,data/v3/coco/previews/coco_train2017_000000254169.jpg,laptop;keyboard;cup,6,2,3,1,official_COCO_2017,http://images.cocodataset.org/train2017/000000254169.jpg,COCO license_id=2,included_train_auxiliary,0817d0bceed99eec1616c0d0b09ccbbe08dcb800fdf6bec91b4d9e49769c208a,official_COCO_instances_train2017,20260830,coco_train2017_000000254169.jpg
505552,train2017,000000505552.jpg,data/v3/coco/images/coco_train2017_000000505552.jpg,data/v3/coco/images/coco_train2017_000000505552.jpg,data/v3/coco/labels/coco_train2017_000000505552.txt,data/v3/coco/previews/coco_train2017_000000505552.jpg,laptop;keyboard;cup,7,1,2,4,official_COCO_2017,http://images.cocodataset.org/train2017/000000505552.jpg,COCO license_id=1,included_train_auxiliary,f094532f8e1a49e1b422a1451a0e85a60eececde937d936d46a0f00c3f6264f4,official_COCO_instances_train2017,20260830,coco_train2017_000000505552.jpg
528080,train2017,000000528080.jpg,data/v3/coco/images/coco_train2017_000000528080.jpg,data/v3/coco/images/coco_train2017_000000528080.jpg,data/v3/coco/labels/coco_train2017_000000528080.txt,data/v3/coco/previews/coco_train2017_000000528080.jpg,laptop;keyboard;cup,8,3,4,1,official_COCO_2017,http://images.cocodataset.org/train2017/000000528080.jpg,COCO license_id=4,included_train_auxiliary,8dfab182a4f20485ad2a085a1e25b95f780b49f61102022b34aa09ae064cbc23,official_COCO_instances_train2017,20260830,coco_train2017_000000528080.jpg
272678,train2017,000000272678.jpg,data/v3/coco/images/coco_train2017_000000272678.jpg,data/v3/coco/images/coco_train2017_000000272678.jpg,data/v3/coco/labels/coco_train2017_000000272678.txt,data/v3/coco/previews/coco_train2017_000000272678.jpg,laptop;cup,6,3,0,3,official_COCO_2017,http://images.cocodataset.org/train2017/000000272678.jpg,COCO license_id=1,included_train_auxiliary,4bbdc898eca412cbded405ce003ee0639da7a08568ba4377dddcebc5e7f0c209,official_COCO_instances_train2017,20260830,coco_train2017_000000272678.jpg
34842,train2017,000000034842.jpg,data/v3/coco/images/coco_train2017_000000034842.jpg,data/v3/coco/images/coco_train2017_000000034842.jpg,data/v3/coco/labels/coco_train2017_000000034842.txt,data/v3/coco/previews/coco_train2017_000000034842.jpg,laptop;keyboard;cup,6,2,3,1,official_COCO_2017,http://images.cocodataset.org/train2017/000000034842.jpg,COCO license_id=4,included_train_auxiliary,74bb76023381af9e6c91969572aa432f4731f62834571284af8ff91e96cf06d1,official_COCO_instances_train2017,20260830,coco_train2017_000000034842.jpg
326210,train2017,000000326210.jpg,data/v3/coco/images/coco_train2017_000000326210.jpg,data/v3/coco/images/coco_train2017_000000326210.jpg,data/v3/coco/labels/coco_train2017_000000326210.txt,data/v3/coco/previews/coco_train2017_000000326210.jpg,laptop;keyboard;cup,7,1,2,4,official_COCO_2017,http://images.cocodataset.org/train2017/000000326210.jpg,COCO license_id=2,included_train_auxiliary,4dba42d813ceccfadb4b94bb57df568c55f00fd0b78964e2a2f3df40d7da1855,official_COCO_instances_train2017,20260830,coco_train2017_000000326210.jpg
153985,train2017,000000153985.jpg,data/v3/coco/images/coco_train2017_000000153985.jpg,data/v3/coco/images/coco_train2017_000000153985.jpg,data/v3/coco/labels/coco_train2017_000000153985.txt,data/v3/coco/previews/coco_train2017_000000153985.jpg,laptop;keyboard,6,3,3,0,official_COCO_2017,http://images.cocodataset.org/train2017/000000153985.jpg,COCO license_id=1,included_train_auxiliary,06364ad66a85fc90cffd957b85be9cdcf67b5b56fd6d5e3ecc85d5744fc147e6,official_COCO_instances_train2017,20260830,coco_train2017_000000153985.jpg
188239,train2017,000000188239.jpg,data/v3/coco/images/coco_train2017_000000188239.jpg,data/v3/coco/images/coco_train2017_000000188239.jpg,data/v3/coco/labels/coco_train2017_000000188239.txt,data/v3/coco/previews/coco_train2017_000000188239.jpg,laptop;cup,7,3,0,4,official_COCO_2017,http://images.cocodataset.org/train2017/000000188239.jpg,COCO license_id=1,included_train_auxiliary,fa3cde50917999e9390d0869af59651f93e8223b8426e5b2794f2833b2ae7603,official_COCO_instances_train2017,20260830,coco_train2017_000000188239.jpg
151864,train2017,000000151864.jpg,data/v3/coco/images/coco_train2017_000000151864.jpg,data/v3/coco/images/coco_train2017_000000151864.jpg,data/v3/coco/labels/coco_train2017_000000151864.txt,data/v3/coco/previews/coco_train2017_000000151864.jpg,laptop;keyboard;cup,7,2,4,1,official_COCO_2017,http://images.cocodataset.org/train2017/000000151864.jpg,COCO license_id=1,included_train_auxiliary,28094b3addc0255b59aa2d0bbfbeda4e121f48eb743e40ebecb514a2f8d4b1ae,official_COCO_instances_train2017,20260830,coco_train2017_000000151864.jpg
105804,train2017,000000105804.jpg,data/v3/coco/images/coco_train2017_000000105804.jpg,data/v3/coco/images/coco_train2017_000000105804.jpg,data/v3/coco/labels/coco_train2017_000000105804.txt,data/v3/coco/previews/coco_train2017_000000105804.jpg,laptop;keyboard;cup,7,1,2,4,official_COCO_2017,http://images.cocodataset.org/train2017/000000105804.jpg,COCO license_id=1,included_train_auxiliary,a9e51de2c088d6aebf78e465e302c0fc89a849bc6c260dce909f20333ea5bb53,official_COCO_instances_train2017,20260830,coco_train2017_000000105804.jpg
385401,train2017,000000385401.jpg,data/v3/coco/images/coco_train2017_000000385401.jpg,data/v3/coco/images/coco_train2017_000000385401.jpg,data/v3/coco/labels/coco_train2017_000000385401.txt,data/v3/coco/previews/coco_train2017_000000385401.jpg,laptop;keyboard,6,4,2,0,official_COCO_2017,http://images.cocodataset.org/train2017/000000385401.jpg,COCO license_id=5,included_train_auxiliary,cc33d3118653db21ba213a00819bb6d5e0eac88b9cd154e8872f0e98c6bd3562,official_COCO_instances_train2017,20260830,coco_train2017_000000385401.jpg
526801,train2017,000000526801.jpg,data/v3/coco/images/coco_train2017_000000526801.jpg,data/v3/coco/images/coco_train2017_000000526801.jpg,data/v3/coco/labels/coco_train2017_000000526801.txt,data/v3/coco/previews/coco_train2017_000000526801.jpg,laptop;keyboard;cup,7,1,2,4,official_COCO_2017,http://images.cocodataset.org/train2017/000000526801.jpg,COCO license_id=1,included_train_auxiliary,baebb34eac6b4a1381b45022cc13a303c83c9ef3246df63fd709b186eb1dfdf8,official_COCO_instances_train2017,20260830,coco_train2017_000000526801.jpg
129951,train2017,000000129951.jpg,data/v3/coco/images/coco_train2017_000000129951.jpg,data/v3/coco/images/coco_train2017_000000129951.jpg,data/v3/coco/labels/coco_train2017_000000129951.txt,data/v3/coco/previews/coco_train2017_000000129951.jpg,laptop;keyboard;cup,6,2,3,1,official_COCO_2017,http://images.cocodataset.org/train2017/000000129951.jpg,COCO license_id=5,included_train_auxiliary,8be2315b3605eb983bb3b488e018b1b90beeed612f39cf6d35aafdf60d4009d0,official_COCO_instances_train2017,20260830,coco_train2017_000000129951.jpg
29931,train2017,000000029931.jpg,data/v3/coco/images/coco_train2017_000000029931.jpg,data/v3/coco/images/coco_train2017_000000029931.jpg,data/v3/coco/labels/coco_train2017_000000029931.txt,data/v3/coco/previews/coco_train2017_000000029931.jpg,laptop;cup,6,3,0,3,official_COCO_2017,http://images.cocodataset.org/train2017/000000029931.jpg,COCO license_id=1,included_train_auxiliary,1f3673c91191c43fa9bcfb27e38493bd89a49a4de549d758ba607da6455e8f3c,official_COCO_instances_train2017,20260830,coco_train2017_000000029931.jpg
220486,train2017,000000220486.jpg,data/v3/coco/images/coco_train2017_000000220486.jpg,data/v3/coco/images/coco_train2017_000000220486.jpg,data/v3/coco/labels/coco_train2017_000000220486.txt,data/v3/coco/previews/coco_train2017_000000220486.jpg,laptop;keyboard;cup,7,2,4,1,official_COCO_2017,http://images.cocodataset.org/train2017/000000220486.jpg,COCO license_id=3,included_train_auxiliary,1ff469a6e410ef5323de9bf88dbfc10fa4222ecf7b1bc46b11826d6ca9686d1a,official_COCO_instances_train2017,20260830,coco_train2017_000000220486.jpg
177974,train2017,000000177974.jpg,data/v3/coco/images/coco_train2017_000000177974.jpg,data/v3/coco/images/coco_train2017_000000177974.jpg,data/v3/coco/labels/coco_train2017_000000177974.txt,data/v3/coco/previews/coco_train2017_000000177974.jpg,laptop;keyboard;cup,6,1,1,4,official_COCO_2017,http://images.cocodataset.org/train2017/000000177974.jpg,COCO license_id=1,included_train_auxiliary,aa31ec473d3f06c9036f8fd809d30a19ff76b67fcfd3b0a53212b8b5628c31fc,official_COCO_instances_train2017,20260830,coco_train2017_000000177974.jpg
459164,train2017,000000459164.jpg,data/v3/coco/images/coco_train2017_000000459164.jpg,data/v3/coco/images/coco_train2017_000000459164.jpg,data/v3/coco/labels/coco_train2017_000000459164.txt,data/v3/coco/previews/coco_train2017_000000459164.jpg,laptop;keyboard,6,3,3,0,official_COCO_2017,http://images.cocodataset.org/train2017/000000459164.jpg,COCO license_id=4,included_train_auxiliary,ad3a59e88da963373cf6dfba9ac0425a2ca15ae1efa64b367912b48e02effedf,official_COCO_instances_train2017,20260830,coco_train2017_000000459164.jpg
299952,train2017,000000299952.jpg,data/v3/coco/images/coco_train2017_000000299952.jpg,data/v3/coco/images/coco_train2017_000000299952.jpg,data/v3/coco/labels/coco_train2017_000000299952.txt,data/v3/coco/previews/coco_train2017_000000299952.jpg,laptop;keyboard;cup,6,1,3,2,official_COCO_2017,http://images.cocodataset.org/train2017/000000299952.jpg,COCO license_id=1,included_train_auxiliary,0ef314ce257dc85217ea915a289e969c90ff0aaee224a9a13ecbf9e14a7b63f8,official_COCO_instances_train2017,20260830,coco_train2017_000000299952.jpg
130834,train2017,000000130834.jpg,data/v3/coco/images/coco_train2017_000000130834.jpg,data/v3/coco/images/coco_train2017_000000130834.jpg,data/v3/coco/labels/coco_train2017_000000130834.txt,data/v3/coco/previews/coco_train2017_000000130834.jpg,laptop;cup,5,3,0,2,official_COCO_2017,http://images.cocodataset.org/train2017/000000130834.jpg,COCO license_id=3,included_train_auxiliary,eca69cbd3a71a30937f750419b859edf98809fe9611125ce51d6506d20b222cc,official_COCO_instances_train2017,20260830,coco_train2017_000000130834.jpg
510609,train2017,000000510609.jpg,data/v3/coco/images/coco_train2017_000000510609.jpg,data/v3/coco/images/coco_train2017_000000510609.jpg,data/v3/coco/labels/coco_train2017_000000510609.txt,data/v3/coco/previews/coco_train2017_000000510609.jpg,laptop;keyboard;cup,6,2,3,1,official_COCO_2017,http://images.cocodataset.org/train2017/000000510609.jpg,COCO license_id=1,included_train_auxiliary,709df0460c8081106245728e389ae162fefc5abd5c4cd085f93166135ab1845d,official_COCO_instances_train2017,20260830,coco_train2017_000000510609.jpg
93894,train2017,000000093894.jpg,data/v3/coco/images/coco_train2017_000000093894.jpg,data/v3/coco/images/coco_train2017_000000093894.jpg,data/v3/coco/labels/coco_train2017_000000093894.txt,data/v3/coco/previews/coco_train2017_000000093894.jpg,laptop;cup,5,1,0,4,official_COCO_2017,http://images.cocodataset.org/train2017/000000093894.jpg,COCO license_id=1,included_train_auxiliary,8d1ccd9806e122e8ccea98ca377b1c67f1ef4ef71870c3b5c86d9db191673760,official_COCO_instances_train2017,20260830,coco_train2017_000000093894.jpg
3259,train2017,000000003259.jpg,data/v3/coco/images/coco_train2017_000000003259.jpg,data/v3/coco/images/coco_train2017_000000003259.jpg,data/v3/coco/labels/coco_train2017_000000003259.txt,data/v3/coco/previews/coco_train2017_000000003259.jpg,laptop;keyboard;cup,6,2,3,1,official_COCO_2017,http://images.cocodataset.org/train2017/000000003259.jpg,COCO license_id=1,included_train_auxiliary,5b0a5fffa50e157596422c4975ba99c78f9eae377692748044a897c6b2d4b531,official_COCO_instances_train2017,20260830,coco_train2017_000000003259.jpg
224056,train2017,000000224056.jpg,data/v3/coco/images/coco_train2017_000000224056.jpg,data/v3/coco/images/coco_train2017_000000224056.jpg,data/v3/coco/labels/coco_train2017_000000224056.txt,data/v3/coco/previews/coco_train2017_000000224056.jpg,laptop;keyboard;cup,6,2,3,1,official_COCO_2017,http://images.cocodataset.org/train2017/000000224056.jpg,COCO license_id=2,included_train_auxiliary,5fed91e24660551612ec1c04a0a0f9702caf14b1167c5750e4cc513b17bd21bc,official_COCO_instances_train2017,20260830,coco_train2017_000000224056.jpg
385980,train2017,000000385980.jpg,data/v3/coco/images/coco_train2017_000000385980.jpg,data/v3/coco/images/coco_train2017_000000385980.jpg,data/v3/coco/labels/coco_train2017_000000385980.txt,data/v3/coco/previews/coco_train2017_000000385980.jpg,laptop;cup,7,3,0,4,official_COCO_2017,http://images.cocodataset.org/train2017/000000385980.jpg,COCO license_id=1,included_train_auxiliary,8ed6a5460f9feaf2f88c3ebad5b4293201f0daed268bc15a067913335819e67a,official_COCO_instances_train2017,20260830,coco_train2017_000000385980.jpg
355863,train2017,000000355863.jpg,data/v3/coco/images/coco_train2017_000000355863.jpg,data/v3/coco/images/coco_train2017_000000355863.jpg,data/v3/coco/labels/coco_train2017_000000355863.txt,data/v3/coco/previews/coco_train2017_000000355863.jpg,laptop;keyboard;cup,6,2,3,1,official_COCO_2017,http://images.cocodataset.org/train2017/000000355863.jpg,COCO license_id=2,included_train_auxiliary,7f1cc06550b1c0e399bc0d082c6d71aaadf4b43ace343b6d1c607757729e3861,official_COCO_instances_train2017,20260830,coco_train2017_000000355863.jpg
263434,train2017,000000263434.jpg,data/v3/coco/images/coco_train2017_000000263434.jpg,data/v3/coco/images/coco_train2017_000000263434.jpg,data/v3/coco/labels/coco_train2017_000000263434.txt,data/v3/coco/previews/coco_train2017_000000263434.jpg,laptop;keyboard;cup,6,2,3,1,official_COCO_2017,http://images.cocodataset.org/train2017/000000263434.jpg,COCO license_id=4,included_train_auxiliary,4d18ef55c07dd8889981afc4f2212808da16a9898f7c9def2d90c11409aa0e87,official_COCO_instances_train2017,20260830,coco_train2017_000000263434.jpg
123921,train2017,000000123921.jpg,data/v3/coco/images/coco_train2017_000000123921.jpg,data/v3/coco/images/coco_train2017_000000123921.jpg,data/v3/coco/labels/coco_train2017_000000123921.txt,data/v3/coco/previews/coco_train2017_000000123921.jpg,keyboard;cup,5,0,1,4,official_COCO_2017,http://images.cocodataset.org/train2017/000000123921.jpg,COCO license_id=2,included_train_auxiliary,1fee2e4cfa63448aac1041280e900c894eab06157271898afd8f090960c33117,official_COCO_instances_train2017,20260830,coco_train2017_000000123921.jpg
520199,train2017,000000520199.jpg,data/v3/coco/images/coco_train2017_000000520199.jpg,data/v3/coco/images/coco_train2017_000000520199.jpg,data/v3/coco/labels/coco_train2017_000000520199.txt,data/v3/coco/previews/coco_train2017_000000520199.jpg,laptop;keyboard,6,4,2,0,official_COCO_2017,http://images.cocodataset.org/train2017/000000520199.jpg,COCO license_id=2,included_train_auxiliary,17b463246bba7a0b6dc465716f3f8622a5d6f182218d212b9a690f9eb0de8784,official_COCO_instances_train2017,20260830,coco_train2017_000000520199.jpg
228211,train2017,000000228211.jpg,data/v3/coco/images/coco_train2017_000000228211.jpg,data/v3/coco/images/coco_train2017_000000228211.jpg,data/v3/coco/labels/coco_train2017_000000228211.txt,data/v3/coco/previews/coco_train2017_000000228211.jpg,keyboard;cup,8,0,3,5,official_COCO_2017,http://images.cocodataset.org/train2017/000000228211.jpg,COCO license_id=1,included_train_auxiliary,5c2d7bd549d2119117b7d23c307975f4e079052b2665147cb9ee0b1dd50e5c81,official_COCO_instances_train2017,20260830,coco_train2017_000000228211.jpg
479729,train2017,000000479729.jpg,data/v3/coco/images/coco_train2017_000000479729.jpg,data/v3/coco/images/coco_train2017_000000479729.jpg,data/v3/coco/labels/coco_train2017_000000479729.txt,data/v3/coco/previews/coco_train2017_000000479729.jpg,laptop;keyboard;cup,6,4,1,1,official_COCO_2017,http://images.cocodataset.org/train2017/000000479729.jpg,COCO license_id=1,included_train_auxiliary,677cbbccd3b460eb8b232a9c2fae3fc75758e1d79edc55c5756c4966af0edb02,official_COCO_instances_train2017,20260830,coco_train2017_000000479729.jpg
83586,train2017,000000083586.jpg,data/v3/coco/images/coco_train2017_000000083586.jpg,data/v3/coco/images/coco_train2017_000000083586.jpg,data/v3/coco/labels/coco_train2017_000000083586.txt,data/v3/coco/previews/coco_train2017_000000083586.jpg,laptop;keyboard;cup,6,2,3,1,official_COCO_2017,http://images.cocodataset.org/train2017/000000083586.jpg,COCO license_id=2,included_train_auxiliary,7d65f617c75f4a9a6a5082d65c52d1efc1226c8dff9c3fcc3e48c487e7b87a5b,official_COCO_instances_train2017,20260830,coco_train2017_000000083586.jpg
451324,train2017,000000451324.jpg,data/v3/coco/images/coco_train2017_000000451324.jpg,data/v3/coco/images/coco_train2017_000000451324.jpg,data/v3/coco/labels/coco_train2017_000000451324.txt,data/v3/coco/previews/coco_train2017_000000451324.jpg,laptop;cup,7,3,0,4,official_COCO_2017,http://images.cocodataset.org/train2017/000000451324.jpg,COCO license_id=4,included_train_auxiliary,952ea52e86c922c4ce3309d5d7fd335079fccbc0309c311d40d189b6480a449c,official_COCO_instances_train2017,20260830,coco_train2017_000000451324.jpg
141828,train2017,000000141828.jpg,data/v3/coco/images/coco_train2017_000000141828.jpg,data/v3/coco/images/coco_train2017_000000141828.jpg,data/v3/coco/labels/coco_train2017_000000141828.txt,data/v3/coco/previews/coco_train2017_000000141828.jpg,laptop;keyboard,6,2,4,0,official_COCO_2017,http://images.cocodataset.org/train2017/000000141828.jpg,COCO license_id=1,included_train_auxiliary,90bcce1dafff29872137ff7a641397190d11e7c392400651ea59587bb2ebd9c0,official_COCO_instances_train2017,20260830,coco_train2017_000000141828.jpg
456658,train2017,000000456658.jpg,data/v3/coco/images/coco_train2017_000000456658.jpg,data/v3/coco/images/coco_train2017_000000456658.jpg,data/v3/coco/labels/coco_train2017_000000456658.txt,data/v3/coco/previews/coco_train2017_000000456658.jpg,laptop;keyboard;cup,6,2,3,1,official_COCO_2017,http://images.cocodataset.org/train2017/000000456658.jpg,COCO license_id=1,included_train_auxiliary,217202763b675cb53cc4a8040bc72447abd9be28bb57dd6a03702e2a57ada083,official_COCO_instances_train2017,20260830,coco_train2017_000000456658.jpg
482808,train2017,000000482808.jpg,data/v3/coco/images/coco_train2017_000000482808.jpg,data/v3/coco/images/coco_train2017_000000482808.jpg,data/v3/coco/labels/coco_train2017_000000482808.txt,data/v3/coco/previews/coco_train2017_000000482808.jpg,laptop;cup,5,1,0,4,official_COCO_2017,http://images.cocodataset.org/train2017/000000482808.jpg,COCO license_id=3,included_train_auxiliary,7f20a10f5c269eddf0c6c4ac0c0c902d1c1986eb632ab34b41917fcd10e72794,official_COCO_instances_train2017,20260830,coco_train2017_000000482808.jpg
65329,train2017,000000065329.jpg,data/v3/coco/images/coco_train2017_000000065329.jpg,data/v3/coco/images/coco_train2017_000000065329.jpg,data/v3/coco/labels/coco_train2017_000000065329.txt,data/v3/coco/previews/coco_train2017_000000065329.jpg,laptop;keyboard;cup,6,2,3,1,official_COCO_2017,http://images.cocodataset.org/train2017/000000065329.jpg,COCO license_id=1,included_train_auxiliary,dbf506deb7ed5a4e04a4cea389be62fff1b76c842f8cfabdaf680f294f60f72d,official_COCO_instances_train2017,20260830,coco_train2017_000000065329.jpg
430889,train2017,000000430889.jpg,data/v3/coco/images/coco_train2017_000000430889.jpg,data/v3/coco/images/coco_train2017_000000430889.jpg,data/v3/coco/labels/coco_train2017_000000430889.txt,data/v3/coco/previews/coco_train2017_000000430889.jpg,laptop;keyboard;cup,6,2,3,1,official_COCO_2017,http://images.cocodataset.org/train2017/000000430889.jpg,COCO license_id=1,included_train_auxiliary,d4ec6fc904f34bf9b6ef8c173ba53435ce6d84140b2ed1a60297858aaa1d603e,official_COCO_instances_train2017,20260830,coco_train2017_000000430889.jpg
404592,train2017,000000404592.jpg,data/v3/coco/images/coco_train2017_000000404592.jpg,data/v3/coco/images/coco_train2017_000000404592.jpg,data/v3/coco/labels/coco_train2017_000000404592.txt,data/v3/coco/previews/coco_train2017_000000404592.jpg,laptop;cup,8,3,0,5,official_COCO_2017,http://images.cocodataset.org/train2017/000000404592.jpg,COCO license_id=4,included_train_auxiliary,40df0339309be0d40211a8b775f4ede3655bf1c38b7bc355d894912a6e74a969,official_COCO_instances_train2017,20260830,coco_train2017_000000404592.jpg
302289,train2017,000000302289.jpg,data/v3/coco/images/coco_train2017_000000302289.jpg,data/v3/coco/images/coco_train2017_000000302289.jpg,data/v3/coco/labels/coco_train2017_000000302289.txt,data/v3/coco/previews/coco_train2017_000000302289.jpg,laptop;keyboard,6,2,4,0,official_COCO_2017,http://images.cocodataset.org/train2017/000000302289.jpg,COCO license_id=3,included_train_auxiliary,22bad0e370ca7f76d5040ed982c11f6d33c3c2cb533e713c25db033acb43062c,official_COCO_instances_train2017,20260830,coco_train2017_000000302289.jpg
261453,train2017,000000261453.jpg,data/v3/coco/images/coco_train2017_000000261453.jpg,data/v3/coco/images/coco_train2017_000000261453.jpg,data/v3/coco/labels/coco_train2017_000000261453.txt,data/v3/coco/previews/coco_train2017_000000261453.jpg,laptop;keyboard;cup,8,1,1,6,official_COCO_2017,http://images.cocodataset.org/train2017/000000261453.jpg,COCO license_id=5,included_train_auxiliary,749ca54004d21cfe93a9233ea3136e1f0e0111c258a02421f1992e12b4ea2291,official_COCO_instances_train2017,20260830,coco_train2017_000000261453.jpg
329035,train2017,000000329035.jpg,data/v3/coco/images/coco_train2017_000000329035.jpg,data/v3/coco/images/coco_train2017_000000329035.jpg,data/v3/coco/labels/coco_train2017_000000329035.txt,data/v3/coco/previews/coco_train2017_000000329035.jpg,laptop;keyboard,6,3,3,0,official_COCO_2017,http://images.cocodataset.org/train2017/000000329035.jpg,COCO license_id=1,included_train_auxiliary,72aab26b40b0f72b3b1deb1d296189836fe18362e7ee39f9f39a5c1d2b41fd3c,official_COCO_instances_train2017,20260830,coco_train2017_000000329035.jpg
288548,train2017,000000288548.jpg,data/v3/coco/images/coco_train2017_000000288548.jpg,data/v3/coco/images/coco_train2017_000000288548.jpg,data/v3/coco/labels/coco_train2017_000000288548.txt,data/v3/coco/previews/coco_train2017_000000288548.jpg,laptop;keyboard,6,3,3,0,official_COCO_2017,http://images.cocodataset.org/train2017/000000288548.jpg,COCO license_id=3,included_train_auxiliary,3657aa0dd316c5e6a9a4f969339cefd86f40bdc79dc0b0c55ec4978a0c3fddbd,official_COCO_instances_train2017,20260830,coco_train2017_000000288548.jpg
108111,train2017,000000108111.jpg,data/v3/coco/images/coco_train2017_000000108111.jpg,data/v3/coco/images/coco_train2017_000000108111.jpg,data/v3/coco/labels/coco_train2017_000000108111.txt,data/v3/coco/previews/coco_train2017_000000108111.jpg,laptop;cup,7,2,0,5,official_COCO_2017,http://images.cocodataset.org/train2017/000000108111.jpg,COCO license_id=5,included_train_auxiliary,81c7b8900781d6495b8ef4d20cfc3fb5d5e2308f9c51638f624578a9f94f92fe,official_COCO_instances_train2017,20260830,coco_train2017_000000108111.jpg
258996,train2017,000000258996.jpg,data/v3/coco/images/coco_train2017_000000258996.jpg,data/v3/coco/images/coco_train2017_000000258996.jpg,data/v3/coco/labels/coco_train2017_000000258996.txt,data/v3/coco/previews/coco_train2017_000000258996.jpg,laptop;keyboard,6,2,4,0,official_COCO_2017,http://images.cocodataset.org/train2017/000000258996.jpg,COCO license_id=1,included_train_auxiliary,de16d6ba112e28eb737061b990bfcb135633220b30bd43e4fa736eedf66c3b5c,official_COCO_instances_train2017,20260830,coco_train2017_000000258996.jpg
114392,train2017,000000114392.jpg,data/v3/coco/images/coco_train2017_000000114392.jpg,data/v3/coco/images/coco_train2017_000000114392.jpg,data/v3/coco/labels/coco_train2017_000000114392.txt,data/v3/coco/previews/coco_train2017_000000114392.jpg,laptop;cup,7,2,0,5,official_COCO_2017,http://images.cocodataset.org/train2017/000000114392.jpg,COCO license_id=3,included_train_auxiliary,4897e72bfd69cfcc43f3ca3966728e03e2d4fa4ccd34f1b15784d855285d3ef0,official_COCO_instances_train2017,20260830,coco_train2017_000000114392.jpg
456969,train2017,000000456969.jpg,data/v3/coco/images/coco_train2017_000000456969.jpg,data/v3/coco/images/coco_train2017_000000456969.jpg,data/v3/coco/labels/coco_train2017_000000456969.txt,data/v3/coco/previews/coco_train2017_000000456969.jpg,laptop;keyboard,6,2,4,0,official_COCO_2017,http://images.cocodataset.org/train2017/000000456969.jpg,COCO license_id=3,included_train_auxiliary,50a590b0d80116e4a0d671e735cafedc8c5f162a49309cc6b5d08d58baca812a,official_COCO_instances_train2017,20260830,coco_train2017_000000456969.jpg
286550,train2017,000000286550.jpg,data/v3/coco/images/coco_train2017_000000286550.jpg,data/v3/coco/images/coco_train2017_000000286550.jpg,data/v3/coco/labels/coco_train2017_000000286550.txt,data/v3/coco/previews/coco_train2017_000000286550.jpg,laptop;keyboard;cup,9,4,1,4,official_COCO_2017,http://images.cocodataset.org/train2017/000000286550.jpg,COCO license_id=1,included_train_auxiliary,42d89f89b48264abe86f40fd4e20ac7463283366c3c8243c75b8a73f72910a47,official_COCO_instances_train2017,20260830,coco_train2017_000000286550.jpg
210736,train2017,000000210736.jpg,data/v3/coco/images/coco_train2017_000000210736.jpg,data/v3/coco/images/coco_train2017_000000210736.jpg,data/v3/coco/labels/coco_train2017_000000210736.txt,data/v3/coco/previews/coco_train2017_000000210736.jpg,laptop;keyboard,6,2,4,0,official_COCO_2017,http://images.cocodataset.org/train2017/000000210736.jpg,COCO license_id=1,included_train_auxiliary,1ec26e718cc909370dabef6ea09652dee61949b04617f2960a9c8573e33ae934,official_COCO_instances_train2017,20260830,coco_train2017_000000210736.jpg
525668,train2017,000000525668.jpg,data/v3/coco/images/coco_train2017_000000525668.jpg,data/v3/coco/images/coco_train2017_000000525668.jpg,data/v3/coco/labels/coco_train2017_000000525668.txt,data/v3/coco/previews/coco_train2017_000000525668.jpg,laptop;cup,6,1,0,5,official_COCO_2017,http://images.cocodataset.org/train2017/000000525668.jpg,COCO license_id=1,included_train_auxiliary,48f3a93b8fd51d110d2707ed8f95f61f099d4cd8a8926e4818f08969c7520e28,official_COCO_instances_train2017,20260830,coco_train2017_000000525668.jpg
316708,train2017,000000316708.jpg,data/v3/coco/images/coco_train2017_000000316708.jpg,data/v3/coco/images/coco_train2017_000000316708.jpg,data/v3/coco/labels/coco_train2017_000000316708.txt,data/v3/coco/previews/coco_train2017_000000316708.jpg,laptop;keyboard,5,2,3,0,official_COCO_2017,http://images.cocodataset.org/train2017/000000316708.jpg,COCO license_id=2,included_train_auxiliary,bc24541f961a086cde078e6a7dced01756e2c1fc17a99233a49d52107170d5a0,official_COCO_instances_train2017,20260830,coco_train2017_000000316708.jpg
411277,train2017,000000411277.jpg,data/v3/coco/images/coco_train2017_000000411277.jpg,data/v3/coco/images/coco_train2017_000000411277.jpg,data/v3/coco/labels/coco_train2017_000000411277.txt,data/v3/coco/previews/coco_train2017_000000411277.jpg,laptop;keyboard,5,2,3,0,official_COCO_2017,http://images.cocodataset.org/train2017/000000411277.jpg,COCO license_id=5,included_train_auxiliary,818bbf930881a56bdbb6d9d52dc939f1da050601f10523b63ba4ffadf48e4269,official_COCO_instances_train2017,20260830,coco_train2017_000000411277.jpg
62510,train2017,000000062510.jpg,data/v3/coco/images/coco_train2017_000000062510.jpg,data/v3/coco/images/coco_train2017_000000062510.jpg,data/v3/coco/labels/coco_train2017_000000062510.txt,data/v3/coco/previews/coco_train2017_000000062510.jpg,laptop;cup,6,1,0,5,official_COCO_2017,http://images.cocodataset.org/train2017/000000062510.jpg,COCO license_id=1,included_train_auxiliary,d1497fa996af09c51813943fe623f5514333993b34c77b81cf81deedea5604bf,official_COCO_instances_train2017,20260830,coco_train2017_000000062510.jpg
499364,train2017,000000499364.jpg,data/v3/coco/images/coco_train2017_000000499364.jpg,data/v3/coco/images/coco_train2017_000000499364.jpg,data/v3/coco/labels/coco_train2017_000000499364.txt,data/v3/coco/previews/coco_train2017_000000499364.jpg,laptop;keyboard,5,2,3,0,official_COCO_2017,http://images.cocodataset.org/train2017/000000499364.jpg,COCO license_id=5,included_train_auxiliary,106ca2dc343d2413f3bbf12a8542497b7487ffd1566b2b37de693f35037ed8c7,official_COCO_instances_train2017,20260830,coco_train2017_000000499364.jpg
396172,train2017,000000396172.jpg,data/v3/coco/images/coco_train2017_000000396172.jpg,data/v3/coco/images/coco_train2017_000000396172.jpg,data/v3/coco/labels/coco_train2017_000000396172.txt,data/v3/coco/previews/coco_train2017_000000396172.jpg,laptop;keyboard;cup,8,5,1,2,official_COCO_2017,http://images.cocodataset.org/train2017/000000396172.jpg,COCO license_id=1,included_train_auxiliary,7f1b700ca34960b310899a7f64e4bb7f1fbd3756daaab52b347e05f3e87a3317,official_COCO_instances_train2017,20260830,coco_train2017_000000396172.jpg
378028,train2017,000000378028.jpg,data/v3/coco/images/coco_train2017_000000378028.jpg,data/v3/coco/images/coco_train2017_000000378028.jpg,data/v3/coco/labels/coco_train2017_000000378028.txt,data/v3/coco/previews/coco_train2017_000000378028.jpg,laptop;cup,6,1,0,5,official_COCO_2017,http://images.cocodataset.org/train2017/000000378028.jpg,COCO license_id=1,included_train_auxiliary,f2b40a0655b120ac02c8c76b2d21ae5ba591191a9352892b833d68b57b3c7ffa,official_COCO_instances_train2017,20260830,coco_train2017_000000378028.jpg
386062,train2017,000000386062.jpg,data/v3/coco/images/coco_train2017_000000386062.jpg,data/v3/coco/images/coco_train2017_000000386062.jpg,data/v3/coco/labels/coco_train2017_000000386062.txt,data/v3/coco/previews/coco_train2017_000000386062.jpg,laptop;keyboard,7,3,4,0,official_COCO_2017,http://images.cocodataset.org/train2017/000000386062.jpg,COCO license_id=5,included_train_auxiliary,03285f1875134471a3360ed09f5059320d207ad272686145100e7b26b6bc5efc,official_COCO_instances_train2017,20260830,coco_train2017_000000386062.jpg
484201,train2017,000000484201.jpg,data/v3/coco/images/coco_train2017_000000484201.jpg,data/v3/coco/images/coco_train2017_000000484201.jpg,data/v3/coco/labels/coco_train2017_000000484201.txt,data/v3/coco/previews/coco_train2017_000000484201.jpg,laptop;keyboard,7,3,4,0,official_COCO_2017,http://images.cocodataset.org/train2017/000000484201.jpg,COCO license_id=6,included_train_auxiliary,320b4b22a2cd7c41144c8b206daebacfab0c1925bf5af49be8c49eacd354c66e,official_COCO_instances_train2017,20260830,coco_train2017_000000484201.jpg
33172,train2017,000000033172.jpg,data/v3/coco/images/coco_train2017_000000033172.jpg,data/v3/coco/images/coco_train2017_000000033172.jpg,data/v3/coco/labels/coco_train2017_000000033172.txt,data/v3/coco/previews/coco_train2017_000000033172.jpg,laptop;cup,8,1,0,7,official_COCO_2017,http://images.cocodataset.org/train2017/000000033172.jpg,COCO license_id=4,included_train_auxiliary,feb0c1bb6ec2f46b524acf2bc6ca07ae8d2ab79462bbdb8d1c95d292dde8dcfe,official_COCO_instances_train2017,20260830,coco_train2017_000000033172.jpg
575743,train2017,000000575743.jpg,data/v3/coco/images/coco_train2017_000000575743.jpg,data/v3/coco/images/coco_train2017_000000575743.jpg,data/v3/coco/labels/coco_train2017_000000575743.txt,data/v3/coco/previews/coco_train2017_000000575743.jpg,laptop;keyboard;cup,10,4,5,1,official_COCO_2017,http://images.cocodataset.org/train2017/000000575743.jpg,COCO license_id=5,included_train_auxiliary,56f8bed22dd8dc51429b00b00605d3259d92d6f5ae1d50ea427d14cf87c03c58,official_COCO_instances_train2017,20260830,coco_train2017_000000575743.jpg
25860,train2017,000000025860.jpg,data/v3/coco/images/coco_train2017_000000025860.jpg,data/v3/coco/images/coco_train2017_000000025860.jpg,data/v3/coco/labels/coco_train2017_000000025860.txt,data/v3/coco/previews/coco_train2017_000000025860.jpg,laptop;cup,6,1,0,5,official_COCO_2017,http://images.cocodataset.org/train2017/000000025860.jpg,COCO license_id=3,included_train_auxiliary,eab01bdcb369835b6e42096fc053fcd8ffb3f5410b9d0edf0fa4215d711e1fb3,official_COCO_instances_train2017,20260830,coco_train2017_000000025860.jpg
542786,train2017,000000542786.jpg,data/v3/coco/images/coco_train2017_000000542786.jpg,data/v3/coco/images/coco_train2017_000000542786.jpg,data/v3/coco/labels/coco_train2017_000000542786.txt,data/v3/coco/previews/coco_train2017_000000542786.jpg,laptop;keyboard,8,4,4,0,official_COCO_2017,http://images.cocodataset.org/train2017/000000542786.jpg,COCO license_id=1,included_train_auxiliary,fa407391eaecb507b23e215e25dd0a0636d0cd96a598654d4ffa2a8ccbd8682b,official_COCO_instances_train2017,20260830,coco_train2017_000000542786.jpg
504862,train2017,000000504862.jpg,data/v3/coco/images/coco_train2017_000000504862.jpg,data/v3/coco/images/coco_train2017_000000504862.jpg,data/v3/coco/labels/coco_train2017_000000504862.txt,data/v3/coco/previews/coco_train2017_000000504862.jpg,laptop;cup,6,1,0,5,official_COCO_2017,http://images.cocodataset.org/train2017/000000504862.jpg,COCO license_id=1,included_train_auxiliary,bfcc39f0e424092598e0e0635ed6b2f458fb1bfee91364e835c7fde375d5a9cf,official_COCO_instances_train2017,20260830,coco_train2017_000000504862.jpg
305501,train2017,000000305501.jpg,data/v3/coco/images/coco_train2017_000000305501.jpg,data/v3/coco/images/coco_train2017_000000305501.jpg,data/v3/coco/labels/coco_train2017_000000305501.txt,data/v3/coco/previews/coco_train2017_000000305501.jpg,laptop;keyboard,8,4,4,0,official_COCO_2017,http://images.cocodataset.org/train2017/000000305501.jpg,COCO license_id=1,included_train_auxiliary,160c77a2872ed57fa78a3d3fb4659b5b1f04f4850a6950059e7761cf719cad41,official_COCO_instances_train2017,20260830,coco_train2017_000000305501.jpg
363079,train2017,000000363079.jpg,data/v3/coco/images/coco_train2017_000000363079.jpg,data/v3/coco/images/coco_train2017_000000363079.jpg,data/v3/coco/labels/coco_train2017_000000363079.txt,data/v3/coco/previews/coco_train2017_000000363079.jpg,laptop;keyboard,8,4,4,0,official_COCO_2017,http://images.cocodataset.org/train2017/000000363079.jpg,COCO license_id=3,included_train_auxiliary,9fde36b624416fcdb561e682465f16e261a9c55365557dbcb8c37f5056f29fed,official_COCO_instances_train2017,20260830,coco_train2017_000000363079.jpg
333302,train2017,000000333302.jpg,data/v3/coco/images/coco_train2017_000000333302.jpg,data/v3/coco/images/coco_train2017_000000333302.jpg,data/v3/coco/labels/coco_train2017_000000333302.txt,data/v3/coco/previews/coco_train2017_000000333302.jpg,laptop;cup,7,1,0,6,official_COCO_2017,http://images.cocodataset.org/train2017/000000333302.jpg,COCO license_id=5,included_train_auxiliary,661ce33cf26f64476b024f4c1417ce6c6315d90041458eeb4948c0ada594fde7,official_COCO_instances_train2017,20260830,coco_train2017_000000333302.jpg
449963,train2017,000000449963.jpg,data/v3/coco/images/coco_train2017_000000449963.jpg,data/v3/coco/images/coco_train2017_000000449963.jpg,data/v3/coco/labels/coco_train2017_000000449963.txt,data/v3/coco/previews/coco_train2017_000000449963.jpg,laptop;keyboard,8,5,3,0,official_COCO_2017,http://images.cocodataset.org/train2017/000000449963.jpg,COCO license_id=2,included_train_auxiliary,753eddcb62abd53916c14ae36319e844872ef3a4135bbed439f7834e685565b7,official_COCO_instances_train2017,20260830,coco_train2017_000000449963.jpg
184835,train2017,000000184835.jpg,data/v3/coco/images/coco_train2017_000000184835.jpg,data/v3/coco/images/coco_train2017_000000184835.jpg,data/v3/coco/labels/coco_train2017_000000184835.txt,data/v3/coco/previews/coco_train2017_000000184835.jpg,laptop;cup,7,1,0,6,official_COCO_2017,http://images.cocodataset.org/train2017/000000184835.jpg,COCO license_id=6,included_train_auxiliary,6f7dfc3547c1e7a358b8bb861256c3ea1d72e135c9391b25165253fe2e448ba2,official_COCO_instances_train2017,20260830,coco_train2017_000000184835.jpg
356790,train2017,000000356790.jpg,data/v3/coco/images/coco_train2017_000000356790.jpg,data/v3/coco/images/coco_train2017_000000356790.jpg,data/v3/coco/labels/coco_train2017_000000356790.txt,data/v3/coco/previews/coco_train2017_000000356790.jpg,laptop;keyboard,6,4,2,0,official_COCO_2017,http://images.cocodataset.org/train2017/000000356790.jpg,COCO license_id=3,included_train_auxiliary,6ead9cecdd10f8bfaebaa3299add21adc4f00bc0ca6f36ceb7a20b0f0285c4b6,official_COCO_instances_train2017,20260830,coco_train2017_000000356790.jpg
56116,train2017,000000056116.jpg,data/v3/coco/images/coco_train2017_000000056116.jpg,data/v3/coco/images/coco_train2017_000000056116.jpg,data/v3/coco/labels/coco_train2017_000000056116.txt,data/v3/coco/previews/coco_train2017_000000056116.jpg,laptop;cup,7,1,0,6,official_COCO_2017,http://images.cocodataset.org/train2017/000000056116.jpg,COCO license_id=1,included_train_auxiliary,8854e7014bb0c9abc16e778b421dece589e3acf651a587b129dc13124ba26aed,official_COCO_instances_train2017,20260830,coco_train2017_000000056116.jpg
300620,train2017,000000300620.jpg,data/v3/coco/images/coco_train2017_000000300620.jpg,data/v3/coco/images/coco_train2017_000000300620.jpg,data/v3/coco/labels/coco_train2017_000000300620.txt,data/v3/coco/previews/coco_train2017_000000300620.jpg,laptop;keyboard,6,4,2,0,official_COCO_2017,http://images.cocodataset.org/train2017/000000300620.jpg,COCO license_id=4,included_train_auxiliary,99f016c7651258cfe8a40d5ed11e7099d02b9203825cc31380576b6816f94392,official_COCO_instances_train2017,20260830,coco_train2017_000000300620.jpg
373880,train2017,000000373880.jpg,data/v3/coco/images/coco_train2017_000000373880.jpg,data/v3/coco/images/coco_train2017_000000373880.jpg,data/v3/coco/labels/coco_train2017_000000373880.txt,data/v3/coco/previews/coco_train2017_000000373880.jpg,laptop;cup,7,1,0,6,official_COCO_2017,http://images.cocodataset.org/train2017/000000373880.jpg,COCO license_id=4,included_train_auxiliary,c4d57df13c948e597d467b97444a76dec66189c2b5f4e6fc2c3c7e2a0d0d1fd2,official_COCO_instances_train2017,20260830,coco_train2017_000000373880.jpg
211644,train2017,000000211644.jpg,data/v3/coco/images/coco_train2017_000000211644.jpg,data/v3/coco/images/coco_train2017_000000211644.jpg,data/v3/coco/labels/coco_train2017_000000211644.txt,data/v3/coco/previews/coco_train2017_000000211644.jpg,laptop;keyboard,13,7,6,0,official_COCO_2017,http://images.cocodataset.org/train2017/000000211644.jpg,COCO license_id=1,included_train_auxiliary,51b80d771226f5f3e0f5b066c994c400291c46c7d35191adc3785a03a546f0d8,official_COCO_instances_train2017,20260830,coco_train2017_000000211644.jpg
331864,train2017,000000331864.jpg,data/v3/coco/images/coco_train2017_000000331864.jpg,data/v3/coco/images/coco_train2017_000000331864.jpg,data/v3/coco/labels/coco_train2017_000000331864.txt,data/v3/coco/previews/coco_train2017_000000331864.jpg,laptop;cup,7,1,0,6,official_COCO_2017,http://images.cocodataset.org/train2017/000000331864.jpg,COCO license_id=3,included_train_auxiliary,62723363dec3813dd6797704abcf3dbdb7f477984379edb08bb341b6adf202b3,official_COCO_instances_train2017,20260830,coco_train2017_000000331864.jpg
232250,train2017,000000232250.jpg,data/v3/coco/images/coco_train2017_000000232250.jpg,data/v3/coco/images/coco_train2017_000000232250.jpg,data/v3/coco/labels/coco_train2017_000000232250.txt,data/v3/coco/previews/coco_train2017_000000232250.jpg,laptop;cup,6,1,0,5,official_COCO_2017,http://images.cocodataset.org/train2017/000000232250.jpg,COCO license_id=3,included_train_auxiliary,8a282132bf1932ae1c666720ed80994239ab0cb4ea0435d9250cda77ad108987,official_COCO_instances_train2017,20260830,coco_train2017_000000232250.jpg
480467,train2017,000000480467.jpg,data/v3/coco/images/coco_train2017_000000480467.jpg,data/v3/coco/images/coco_train2017_000000480467.jpg,data/v3/coco/labels/coco_train2017_000000480467.txt,data/v3/coco/previews/coco_train2017_000000480467.jpg,laptop;keyboard,8,6,2,0,official_COCO_2017,http://images.cocodataset.org/train2017/000000480467.jpg,COCO license_id=6,included_train_auxiliary,a4a828f9450214de4ff99c1d17d3b566f7fbfc1b5838afe772086f3818ed0e50,official_COCO_instances_train2017,20260830,coco_train2017_000000480467.jpg
51083,train2017,000000051083.jpg,data/v3/coco/images/coco_train2017_000000051083.jpg,data/v3/coco/images/coco_train2017_000000051083.jpg,data/v3/coco/labels/coco_train2017_000000051083.txt,data/v3/coco/previews/coco_train2017_000000051083.jpg,laptop;cup,7,1,0,6,official_COCO_2017,http://images.cocodataset.org/train2017/000000051083.jpg,COCO license_id=3,included_train_auxiliary,fbd4781372a5e2f9d687142c014fd7397e2e8e402ef34d4b0ae3f7444bcdc779,official_COCO_instances_train2017,20260830,coco_train2017_000000051083.jpg
437184,train2017,000000437184.jpg,data/v3/coco/images/coco_train2017_000000437184.jpg,data/v3/coco/images/coco_train2017_000000437184.jpg,data/v3/coco/labels/coco_train2017_000000437184.txt,data/v3/coco/previews/coco_train2017_000000437184.jpg,laptop;keyboard,8,6,2,0,official_COCO_2017,http://images.cocodataset.org/train2017/000000437184.jpg,COCO license_id=1,included_train_auxiliary,65db3085e8f83fd3e39ea32231b3ab5e0506ab9349a6aa3492254740ef391a45,official_COCO_instances_train2017,20260830,coco_train2017_000000437184.jpg
24385,train2017,000000024385.jpg,data/v3/coco/images/coco_train2017_000000024385.jpg,data/v3/coco/images/coco_train2017_000000024385.jpg,data/v3/coco/labels/coco_train2017_000000024385.txt,data/v3/coco/previews/coco_train2017_000000024385.jpg,laptop;cup,7,1,0,6,official_COCO_2017,http://images.cocodataset.org/train2017/000000024385.jpg,COCO license_id=4,included_train_auxiliary,0ee0e0dd4b1cee94c6a2cca23fed7fe9796613890622c44c00a65bcbc39490b0,official_COCO_instances_train2017,20260830,coco_train2017_000000024385.jpg
432424,train2017,000000432424.jpg,data/v3/coco/images/coco_train2017_000000432424.jpg,data/v3/coco/images/coco_train2017_000000432424.jpg,data/v3/coco/labels/coco_train2017_000000432424.txt,data/v3/coco/previews/coco_train2017_000000432424.jpg,laptop;cup,8,4,0,4,official_COCO_2017,http://images.cocodataset.org/train2017/000000432424.jpg,COCO license_id=4,included_train_auxiliary,98f11865dee756528ed66ad23f6b6439920486778dcc3f981fe3b6cea0c1d5b1,official_COCO_instances_train2017,20260830,coco_train2017_000000432424.jpg
572949,train2017,000000572949.jpg,data/v3/coco/images/coco_train2017_000000572949.jpg,data/v3/coco/images/coco_train2017_000000572949.jpg,data/v3/coco/labels/coco_train2017_000000572949.txt,data/v3/coco/previews/coco_train2017_000000572949.jpg,laptop;cup,8,4,0,4,official_COCO_2017,http://images.cocodataset.org/train2017/000000572949.jpg,COCO license_id=1,included_train_auxiliary,7b2e436b73990772e71f8a532816dbadac93ce6efc2b3ca70be24efdaf61a255,official_COCO_instances_train2017,20260830,coco_train2017_000000572949.jpg
550355,train2017,000000550355.jpg,data/v3/coco/images/coco_train2017_000000550355.jpg,data/v3/coco/images/coco_train2017_000000550355.jpg,data/v3/coco/labels/coco_train2017_000000550355.txt,data/v3/coco/previews/coco_train2017_000000550355.jpg,laptop;cup,7,4,0,3,official_COCO_2017,http://images.cocodataset.org/train2017/000000550355.jpg,COCO license_id=2,included_train_auxiliary,7e353767f1eccd180e9f25aa8468d6e1ed423db6885d0266ac10f7fc86644543,official_COCO_instances_train2017,20260830,coco_train2017_000000550355.jpg
21469,train2017,000000021469.jpg,data/v3/coco/images/coco_train2017_000000021469.jpg,data/v3/coco/images/coco_train2017_000000021469.jpg,data/v3/coco/labels/coco_train2017_000000021469.txt,data/v3/coco/previews/coco_train2017_000000021469.jpg,laptop;cup,7,4,0,3,official_COCO_2017,http://images.cocodataset.org/train2017/000000021469.jpg,COCO license_id=2,included_train_auxiliary,0b450a4c72a14826441c82dc03d1b7525fe2b813ebd1348026aa3a342a2c4ea6,official_COCO_instances_train2017,20260830,coco_train2017_000000021469.jpg
297236,train2017,000000297236.jpg,data/v3/coco/images/coco_train2017_000000297236.jpg,data/v3/coco/images/coco_train2017_000000297236.jpg,data/v3/coco/labels/coco_train2017_000000297236.txt,data/v3/coco/previews/coco_train2017_000000297236.jpg,laptop;cup,7,4,0,3,official_COCO_2017,http://images.cocodataset.org/train2017/000000297236.jpg,COCO license_id=4,included_train_auxiliary,346f5e06cf88254c19a556af76f259ea95489bd64c3e58536b47b23df900d8f4,official_COCO_instances_train2017,20260830,coco_train2017_000000297236.jpg
550405,train2017,000000550405.jpg,data/v3/coco/images/coco_train2017_000000550405.jpg,data/v3/coco/images/coco_train2017_000000550405.jpg,data/v3/coco/labels/coco_train2017_000000550405.txt,data/v3/coco/previews/coco_train2017_000000550405.jpg,laptop;cup,7,1,0,6,official_COCO_2017,http://images.cocodataset.org/train2017/000000550405.jpg,COCO license_id=3,included_train_auxiliary,da7cc1a573cd66fed971788d3a67c5749096e17a401c48288616a5f787877776,official_COCO_instances_train2017,20260830,coco_train2017_000000550405.jpg
122264,train2017,000000122264.jpg,data/v3/coco/images/coco_train2017_000000122264.jpg,data/v3/coco/images/coco_train2017_000000122264.jpg,data/v3/coco/labels/coco_train2017_000000122264.txt,data/v3/coco/previews/coco_train2017_000000122264.jpg,laptop;cup,6,4,0,2,official_COCO_2017,http://images.cocodataset.org/train2017/000000122264.jpg,COCO license_id=1,included_train_auxiliary,f3b2b58a1da67af9832bb69bf6a5cd1bab637afbb9a684eb2d7c530f349a48b1,official_COCO_instances_train2017,20260830,coco_train2017_000000122264.jpg
285486,train2017,000000285486.jpg,data/v3/coco/images/coco_train2017_000000285486.jpg,data/v3/coco/images/coco_train2017_000000285486.jpg,data/v3/coco/labels/coco_train2017_000000285486.txt,data/v3/coco/previews/coco_train2017_000000285486.jpg,laptop;cup,7,4,0,3,official_COCO_2017,http://images.cocodataset.org/train2017/000000285486.jpg,COCO license_id=5,included_train_auxiliary,2f29e6e4979fde3b069e533082f6020456d0484b64413fd43a853b6144643243,official_COCO_instances_train2017,20260830,coco_train2017_000000285486.jpg
436038,train2017,000000436038.jpg,data/v3/coco/images/coco_train2017_000000436038.jpg,data/v3/coco/images/coco_train2017_000000436038.jpg,data/v3/coco/labels/coco_train2017_000000436038.txt,data/v3/coco/previews/coco_train2017_000000436038.jpg,laptop;cup,7,4,0,3,official_COCO_2017,http://images.cocodataset.org/train2017/000000436038.jpg,COCO license_id=1,included_train_auxiliary,d8ee459444f01e1545334de31dac9338bf2498a370fcb4a512581ce6ff735398,official_COCO_instances_train2017,20260830,coco_train2017_000000436038.jpg
135478,train2017,000000135478.jpg,data/v3/coco/images/coco_train2017_000000135478.jpg,data/v3/coco/images/coco_train2017_000000135478.jpg,data/v3/coco/labels/coco_train2017_000000135478.txt,data/v3/coco/previews/coco_train2017_000000135478.jpg,laptop;cup,6,4,0,2,official_COCO_2017,http://images.cocodataset.org/train2017/000000135478.jpg,COCO license_id=4,included_train_auxiliary,a40139f35ba9ba309951b509be05959ec949d574d7b313044e113c0bb40c322b,official_COCO_instances_train2017,20260830,coco_train2017_000000135478.jpg
149327,train2017,000000149327.jpg,data/v3/coco/images/coco_train2017_000000149327.jpg,data/v3/coco/images/coco_train2017_000000149327.jpg,data/v3/coco/labels/coco_train2017_000000149327.txt,data/v3/coco/previews/coco_train2017_000000149327.jpg,laptop;cup,9,2,0,7,official_COCO_2017,http://images.cocodataset.org/train2017/000000149327.jpg,COCO license_id=1,included_train_auxiliary,38186ebdc79b0e1cfb3dd7ae2f1e7dbaeeafa24d098aabf8d30c5c6cb82f05d3,official_COCO_instances_train2017,20260830,coco_train2017_000000149327.jpg
149783,train2017,000000149783.jpg,data/v3/coco/images/coco_train2017_000000149783.jpg,data/v3/coco/images/coco_train2017_000000149783.jpg,data/v3/coco/labels/coco_train2017_000000149783.txt,data/v3/coco/previews/coco_train2017_000000149783.jpg,laptop;cup,6,4,0,2,official_COCO_2017,http://images.cocodataset.org/train2017/000000149783.jpg,COCO license_id=1,included_train_auxiliary,b2e21595ee1779d431b942a71d0dbe4eddae95b3154175b0af5a8a4d345066f9,official_COCO_instances_train2017,20260830,coco_train2017_000000149783.jpg
398036,train2017,000000398036.jpg,data/v3/coco/images/coco_train2017_000000398036.jpg,data/v3/coco/images/coco_train2017_000000398036.jpg,data/v3/coco/labels/coco_train2017_000000398036.txt,data/v3/coco/previews/coco_train2017_000000398036.jpg,laptop;cup,6,4,0,2,official_COCO_2017,http://images.cocodataset.org/train2017/000000398036.jpg,COCO license_id=5,included_train_auxiliary,34ff4f0fbc3503b51827b7ab0f32e25bb0c46022b1f5fcbe04bc49a9ebaf06f0,official_COCO_instances_train2017,20260830,coco_train2017_000000398036.jpg
131697,train2017,000000131697.jpg,data/v3/coco/images/coco_train2017_000000131697.jpg,data/v3/coco/images/coco_train2017_000000131697.jpg,data/v3/coco/labels/coco_train2017_000000131697.txt,data/v3/coco/previews/coco_train2017_000000131697.jpg,laptop;keyboard,6,5,1,0,official_COCO_2017,http://images.cocodataset.org/train2017/000000131697.jpg,COCO license_id=5,included_train_auxiliary,36ee77c78de0c9e2abe308a321f971874193bd9eb855661e665088401afc303d,official_COCO_instances_train2017,20260830,coco_train2017_000000131697.jpg
180087,train2017,000000180087.jpg,data/v3/coco/images/coco_train2017_000000180087.jpg,data/v3/coco/images/coco_train2017_000000180087.jpg,data/v3/coco/labels/coco_train2017_000000180087.txt,data/v3/coco/previews/coco_train2017_000000180087.jpg,laptop;cup,9,1,0,8,official_COCO_2017,http://images.cocodataset.org/train2017/000000180087.jpg,COCO license_id=4,included_train_auxiliary,8b7b19c603a5dd120478728ff7bddaafefb3d591ed29261634948abb5cb39770,official_COCO_instances_train2017,20260830,coco_train2017_000000180087.jpg
97330,train2017,000000097330.jpg,data/v3/coco/images/coco_train2017_000000097330.jpg,data/v3/coco/images/coco_train2017_000000097330.jpg,data/v3/coco/labels/coco_train2017_000000097330.txt,data/v3/coco/previews/coco_train2017_000000097330.jpg,laptop;cup,6,4,0,2,official_COCO_2017,http://images.cocodataset.org/train2017/000000097330.jpg,COCO license_id=3,included_train_auxiliary,480eb343c3aff4f82f65be61a15babb01f1eb8714d734fdd7e0d77d418b1935d,official_COCO_instances_train2017,20260830,coco_train2017_000000097330.jpg
272082,train2017,000000272082.jpg,data/v3/coco/images/coco_train2017_000000272082.jpg,data/v3/coco/images/coco_train2017_000000272082.jpg,data/v3/coco/labels/coco_train2017_000000272082.txt,data/v3/coco/previews/coco_train2017_000000272082.jpg,laptop;cup,6,4,0,2,official_COCO_2017,http://images.cocodataset.org/train2017/000000272082.jpg,COCO license_id=5,included_train_auxiliary,cbce206f7ceb9a07fdaa96344b6c79d855c4b9113444b1ab6c735e361c5a7017,official_COCO_instances_train2017,20260830,coco_train2017_000000272082.jpg
332158,train2017,000000332158.jpg,data/v3/coco/images/coco_train2017_000000332158.jpg,data/v3/coco/images/coco_train2017_000000332158.jpg,data/v3/coco/labels/coco_train2017_000000332158.txt,data/v3/coco/previews/coco_train2017_000000332158.jpg,laptop;cup,9,2,0,7,official_COCO_2017,http://images.cocodataset.org/train2017/000000332158.jpg,COCO license_id=4,included_train_auxiliary,2d7dab41bb337040f9a8f81c1af5aaf27150d741843158f7f1e521a9b3e768db,official_COCO_instances_train2017,20260830,coco_train2017_000000332158.jpg
347796,train2017,000000347796.jpg,data/v3/coco/images/coco_train2017_000000347796.jpg,data/v3/coco/images/coco_train2017_000000347796.jpg,data/v3/coco/labels/coco_train2017_000000347796.txt,data/v3/coco/previews/coco_train2017_000000347796.jpg,laptop;cup,6,4,0,2,official_COCO_2017,http://images.cocodataset.org/train2017/000000347796.jpg,COCO license_id=3,included_train_auxiliary,a0603d2585f17d1e02857788cfb1f6cfd6474b5299db8b478e1e6b25b05cac77,official_COCO_instances_train2017,20260830,coco_train2017_000000347796.jpg
39211,train2017,000000039211.jpg,data/v3/coco/images/coco_train2017_000000039211.jpg,data/v3/coco/images/coco_train2017_000000039211.jpg,data/v3/coco/labels/coco_train2017_000000039211.txt,data/v3/coco/previews/coco_train2017_000000039211.jpg,laptop;cup,5,4,0,1,official_COCO_2017,http://images.cocodataset.org/train2017/000000039211.jpg,COCO license_id=2,included_train_auxiliary,abfa4861df73bd1a55ea09b122eafad3950ad4e2fd5572c666971683750b9199,official_COCO_instances_train2017,20260830,coco_train2017_000000039211.jpg
437156,train2017,000000437156.jpg,data/v3/coco/images/coco_train2017_000000437156.jpg,data/v3/coco/images/coco_train2017_000000437156.jpg,data/v3/coco/labels/coco_train2017_000000437156.txt,data/v3/coco/previews/coco_train2017_000000437156.jpg,laptop;cup,10,3,0,7,official_COCO_2017,http://images.cocodataset.org/train2017/000000437156.jpg,COCO license_id=1,included_train_auxiliary,88473b1a5fd058622d63fe9b2c8dd1721c910e118355b9dce98b88e0ed2d43bf,official_COCO_instances_train2017,20260830,coco_train2017_000000437156.jpg
87616,train2017,000000087616.jpg,data/v3/coco/images/coco_train2017_000000087616.jpg,data/v3/coco/images/coco_train2017_000000087616.jpg,data/v3/coco/labels/coco_train2017_000000087616.txt,data/v3/coco/previews/coco_train2017_000000087616.jpg,laptop;cup,8,5,0,3,official_COCO_2017,http://images.cocodataset.org/train2017/000000087616.jpg,COCO license_id=1,included_train_auxiliary,6742ea7ad75544d7f28dd109cb43443ca811355c18393976db985fdf4837c9b5,official_COCO_instances_train2017,20260830,coco_train2017_000000087616.jpg
243796,train2017,000000243796.jpg,data/v3/coco/images/coco_train2017_000000243796.jpg,data/v3/coco/images/coco_train2017_000000243796.jpg,data/v3/coco/labels/coco_train2017_000000243796.txt,data/v3/coco/previews/coco_train2017_000000243796.jpg,laptop;cup,8,5,0,3,official_COCO_2017,http://images.cocodataset.org/train2017/000000243796.jpg,COCO license_id=1,included_train_auxiliary,169939fa4e4c538301490819134ce125d05fa227536ea602d4db6ea15229081b,official_COCO_instances_train2017,20260830,coco_train2017_000000243796.jpg
278822,train2017,000000278822.jpg,data/v3/coco/images/coco_train2017_000000278822.jpg,data/v3/coco/images/coco_train2017_000000278822.jpg,data/v3/coco/labels/coco_train2017_000000278822.txt,data/v3/coco/previews/coco_train2017_000000278822.jpg,laptop;cup,11,3,0,8,official_COCO_2017,http://images.cocodataset.org/train2017/000000278822.jpg,COCO license_id=1,included_train_auxiliary,d28dda8cf3e8696d623c4c7e1a5f693b330e5227d4324cbccb8647fb2c31aea9,official_COCO_instances_train2017,20260830,coco_train2017_000000278822.jpg
146561,train2017,000000146561.jpg,data/v3/coco/images/coco_train2017_000000146561.jpg,data/v3/coco/images/coco_train2017_000000146561.jpg,data/v3/coco/labels/coco_train2017_000000146561.txt,data/v3/coco/previews/coco_train2017_000000146561.jpg,laptop;cup,7,5,0,2,official_COCO_2017,http://images.cocodataset.org/train2017/000000146561.jpg,COCO license_id=3,included_train_auxiliary,8e87b614edc422f93b82a920d1469da6872b04378e7ff56e95d973ba808f9b05,official_COCO_instances_train2017,20260830,coco_train2017_000000146561.jpg
454181,train2017,000000454181.jpg,data/v3/coco/images/coco_train2017_000000454181.jpg,data/v3/coco/images/coco_train2017_000000454181.jpg,data/v3/coco/labels/coco_train2017_000000454181.txt,data/v3/coco/previews/coco_train2017_000000454181.jpg,laptop;keyboard,7,6,1,0,official_COCO_2017,http://images.cocodataset.org/train2017/000000454181.jpg,COCO license_id=1,included_train_auxiliary,0e9865198375e5925f28a0b953138349c6ce4c2509fd8781dd6a93dcb471e8a4,official_COCO_instances_train2017,20260830,coco_train2017_000000454181.jpg
490022,train2017,000000490022.jpg,data/v3/coco/images/coco_train2017_000000490022.jpg,data/v3/coco/images/coco_train2017_000000490022.jpg,data/v3/coco/labels/coco_train2017_000000490022.txt,data/v3/coco/previews/coco_train2017_000000490022.jpg,laptop;cup,6,5,0,1,official_COCO_2017,http://images.cocodataset.org/train2017/000000490022.jpg,COCO license_id=2,included_train_auxiliary,8e622db3f9be6c51663693700d693452c1e64e1b38346859815592d382262620,official_COCO_instances_train2017,20260830,coco_train2017_000000490022.jpg
33845,train2017,000000033845.jpg,data/v3/coco/images/coco_train2017_000000033845.jpg,data/v3/coco/images/coco_train2017_000000033845.jpg,data/v3/coco/labels/coco_train2017_000000033845.txt,data/v3/coco/previews/coco_train2017_000000033845.jpg,laptop;cup,6,5,0,1,official_COCO_2017,http://images.cocodataset.org/train2017/000000033845.jpg,COCO license_id=1,included_train_auxiliary,64a51cd1fa5c1bff5edd27fcc1b5a9269fde04a28f5a15f1a276c3e36a0232d9,official_COCO_instances_train2017,20260830,coco_train2017_000000033845.jpg
92207,train2017,000000092207.jpg,data/v3/coco/images/coco_train2017_000000092207.jpg,data/v3/coco/images/coco_train2017_000000092207.jpg,data/v3/coco/labels/coco_train2017_000000092207.txt,data/v3/coco/previews/coco_train2017_000000092207.jpg,laptop;cup,6,5,0,1,official_COCO_2017,http://images.cocodataset.org/train2017/000000092207.jpg,COCO license_id=5,included_train_auxiliary,b10ecc4b8022cd3aef9d31d9d84aaab1898796e82e1be235efdb95aae8a27067,official_COCO_instances_train2017,20260830,coco_train2017_000000092207.jpg
125773,train2017,000000125773.jpg,data/v3/coco/images/coco_train2017_000000125773.jpg,data/v3/coco/images/coco_train2017_000000125773.jpg,data/v3/coco/labels/coco_train2017_000000125773.txt,data/v3/coco/previews/coco_train2017_000000125773.jpg,laptop;cup,6,5,0,1,official_COCO_2017,http://images.cocodataset.org/train2017/000000125773.jpg,COCO license_id=1,included_train_auxiliary,5998c4e27577af2fc4f8ec0ed270f8ba7b70451c2c7d2f19f1d875361c95c025,official_COCO_instances_train2017,20260830,coco_train2017_000000125773.jpg
