source,raw_path,original_path,original_session,v2_session,capture_session,scene_id,v3_filename,v3_path,image_path,label_path,preview_path,image_type,v3_type,target_classes_present,scenario,object_instance_ids,status,laptop_instances,keyboard_instances,cup_instances,sha256,annotation_source,review_status
P01_user,data/raw/P01/S01/P01_S01_CUP_0001.jpg,data/raw/P01/S01/P01_S01_CUP_0001.jpg,S01,S01,S01,light_lab_table,P01_S01_CUP_0001.jpg,data/v3/user/images/P01/S01/P01_S01_CUP_0001.jpg,data/v3/user/images/P01/S01/P01_S01_CUP_0001.jpg,data/v3/user/labels/P01/S01/P01_S01_CUP_0001.txt,data/v3/user/previews/P01/S01/P01_S01_CUP_0001.jpg,CUP,CUP,cup,basic,cup_lab_01,included,0,0,1,a751e02e966b1776e7e59f52ccb58f5fa3b608c4d36f00eef4a342fd0436aa42,V2_geometry_reverified_under_V3_ontology,second_visual_review_approved
P01_user,data/raw/P01/S01/P01_S01_CUP_0002.jpg,data/raw/P01/S01/P01_S01_CUP_0002.jpg,S01,S01,S01,light_lab_table,P01_S01_CUP_0002.jpg,data/v3/user/images/P01/S01/P01_S01_CUP_0002.jpg,data/v3/user/images/P01/S01/P01_S01_CUP_0002.jpg,data/v3/user/labels/P01/S01/P01_S01_CUP_0002.txt,data/v3/user/previews/P01/S01/P01_S01_CUP_0002.jpg,CUP,CUP,cup,basic,cup_lab_01,included,0,0,1,cc262e7f873e2fe20a75c002a9f250f0e717008862ec470d4b25a05b2854b4cb,V2_geometry_reverified_under_V3_ontology,second_visual_review_approved
P01_user,data/raw/P01/S01/P01_S01_CUP_0003.jpg,data/raw/P01/S01/P01_S01_CUP_0003.jpg,S01,S01,S01,light_lab_table,P01_S01_CUP_0003.jpg,data/v3/user/images/P01/S01/P01_S01_CUP_0003.jpg,data/v3/user/images/P01/S01/P01_S01_CUP_0003.jpg,data/v3/user/labels/P01/S01/P01_S01_CUP_0003.txt,data/v3/user/previews/P01/S01/P01_S01_CUP_0003.jpg,CUP,CUP,cup,basic,cup_lab_01,included,0,0,1,8669be39d0d316b19be517386845a5b23bc8076b84458ffd42851f987623e867,V2_geometry_reverified_under_V3_ontology,second_visual_review_approved
P01_user,data/raw/P01/S01/P01_S01_CUP_0004.jpg,data/raw/P01/S01/P01_S01_CUP_0004.jpg,S01,S01,S01,light_lab_table,P01_S01_CUP_0004.jpg,data/v3/user/images/P01/S01/P01_S01_CUP_0004.jpg,data/v3/user/images/P01/S01/P01_S01_CUP_0004.jpg,data/v3/user/labels/P01/S01/P01_S01_CUP_0004.txt,data/v3/user/previews/P01/S01/P01_S01_CUP_0004.jpg,CUP,CUP,cup,basic,cup_lab_01,included,0,0,1,2b5edfdcba80428eaac5417301431520666a163cb533d53ada32f7fcca926b8e,V2_geometry_reverified_under_V3_ontology,second_visual_review_approved
P01_user,data/raw/P01/S01/P01_S01_MIX_0010.jpg,data/raw/P01/S01/P01_S01_MIX_0010.jpg,S01,S01,S01,light_lab_table,P01_S01_CUP_0005.jpg,data/v3/user/images/P01/S01/P01_S01_CUP_0005.jpg,data/v3/user/images/P01/S01/P01_S01_CUP_0005.jpg,data/v3/user/labels/P01/S01/P01_S01_CUP_0005.txt,data/v3/user/previews/P01/S01/P01_S01_CUP_0005.jpg,CUP,CUP,cup,multi,mouse_lab_01;cup_lab_01,included,0,0,1,69ccd00fe43c00caffa75791403a315ff26ae38f91d8bf339f716131917aa43b,V2_geometry_reverified_under_V3_ontology,second_visual_review_approved
P01_user,data/raw/P01/S02/P01_S02_CUP_0001.jpg,data/raw/P01/S02/P01_S02_CUP_0001.jpg,S02,S01,S01,light_lab_table,P01_S01_CUP_0006.jpg,data/v3/user/images/P01/S01/P01_S01_CUP_0006.jpg,data/v3/user/images/P01/S01/P01_S01_CUP_0006.jpg,data/v3/user/labels/P01/S01/P01_S01_CUP_0006.txt,data/v3/user/previews/P01/S01/P01_S01_CUP_0006.jpg,CUP,CUP,cup,basic,cup_lab_01,included,0,0,1,9a8a2b9a3bc8455e6fcb88aa44ea0dc26bc2c8b6558ce253f10f88ca714b6dc8,V2_geometry_reverified_under_V3_ontology,second_visual_review_approved
P01_user,data/raw/P01/S02/P01_S02_CUP_0002.jpg,data/raw/P01/S02/P01_S02_CUP_0002.jpg,S02,S01,S01,light_lab_table,P01_S01_CUP_0007.jpg,data/v3/user/images/P01/S01/P01_S01_CUP_0007.jpg,data/v3/user/images/P01/S01/P01_S01_CUP_0007.jpg,data/v3/user/labels/P01/S01/P01_S01_CUP_0007.txt,data/v3/user/previews/P01/S01/P01_S01_CUP_0007.jpg,CUP,CUP,cup,basic,cup_lab_01,included,0,0,1,8d0f669157164413d6f699e0cb0148e1cba80242da9dafe386c12bf75ac93e20,V2_geometry_reverified_under_V3_ontology,second_visual_review_approved
P01_user,data/raw/P01/S02/P01_S02_CUP_0007.jpg,data/raw/P01/S02/P01_S02_CUP_0007.jpg,S02,S01,S01,light_lab_table,P01_S01_CUP_0008.jpg,data/v3/user/images/P01/S01/P01_S01_CUP_0008.jpg,data/v3/user/images/P01/S01/P01_S01_CUP_0008.jpg,data/v3/user/labels/P01/S01/P01_S01_CUP_0008.txt,data/v3/user/previews/P01/S01/P01_S01_CUP_0008.jpg,CUP,CUP,cup,basic,cup_lab_01,included,0,0,1,0bbd96afdafb616240c50d0b5edeed9b15742841fdd391a0044ad7eccf0a3830,V2_geometry_reverified_under_V3_ontology,second_visual_review_approved
P01_user,data/raw/P01/S02/P01_S02_MIX_0010.jpg,data/raw/P01/S02/P01_S02_MIX_0010.jpg,S02,S01,S01,light_lab_table,P01_S01_CUP_0009.jpg,data/v3/user/images/P01/S01/P01_S01_CUP_0009.jpg,data/v3/user/images/P01/S01/P01_S01_CUP_0009.jpg,data/v3/user/labels/P01/S01/P01_S01_CUP_0009.txt,data/v3/user/previews/P01/S01/P01_S01_CUP_0009.jpg,CUP,CUP,cup,multi,mouse_lab_01;cup_lab_01,included,0,0,1,5fef7d11aa0d391b6585d6cd9d06dc0333b3a3cc7721b679fd1f28ed8a7a96df,V2_geometry_reverified_under_V3_ontology,second_visual_review_approved
P01_user,data/raw/P01/S03/P01_S03_CUP_0020.jpg,data/raw/P01/S03/P01_S03_CUP_0020.jpg,S03,S01,S01,light_lab_table,P01_S01_CUP_0010.jpg,data/v3/user/images/P01/S01/P01_S01_CUP_0010.jpg,data/v3/user/images/P01/S01/P01_S01_CUP_0010.jpg,data/v3/user/labels/P01/S01/P01_S01_CUP_0010.txt,data/v3/user/previews/P01/S01/P01_S01_CUP_0010.jpg,CUP,CUP,cup,basic,cup_lab_01,included,0,0,1,8d0f669157164413d6f699e0cb0148e1cba80242da9dafe386c12bf75ac93e20,V2_geometry_reverified_under_V3_ontology,second_visual_review_approved
P01_user,data/raw/P01/S03/P01_S03_CUP_0021.jpg,data/raw/P01/S03/P01_S03_CUP_0021.jpg,S03,S01,S01,light_lab_table,P01_S01_CUP_0011.jpg,data/v3/user/images/P01/S01/P01_S01_CUP_0011.jpg,data/v3/user/images/P01/S01/P01_S01_CUP_0011.jpg,data/v3/user/labels/P01/S01/P01_S01_CUP_0011.txt,data/v3/user/previews/P01/S01/P01_S01_CUP_0011.jpg,CUP,CUP,cup,basic,cup_lab_01,included,0,0,1,0c0ccf98902d056c1276b0f0fbd4918d638fa21962004cbe3693e72066366d89,V2_geometry_reverified_under_V3_ontology,second_visual_review_approved
P01_user,data/raw/P01/S03/P01_S03_MIX_0023.jpg,data/raw/P01/S03/P01_S03_MIX_0023.jpg,S03,S01,S01,light_lab_table,P01_S01_CUP_0012.jpg,data/v3/user/images/P01/S01/P01_S01_CUP_0012.jpg,data/v3/user/images/P01/S01/P01_S01_CUP_0012.jpg,data/v3/user/labels/P01/S01/P01_S01_CUP_0012.txt,data/v3/user/previews/P01/S01/P01_S01_CUP_0012.jpg,CUP,CUP,cup,multi,mouse_lab_01;cup_lab_01,included,0,0,1,f4d8633cc9f2de0326e8b66c8da04b0918f4065d74ba7d741ae2d89fba671587,V2_geometry_reverified_under_V3_ontology,second_visual_review_approved
P01_user,data/raw/P01/S01/P01_S01_LAP_0005.jpg,data/raw/P01/S01/P01_S01_LAP_0005.jpg,S01,S01,S01,light_lab_table,P01_S01_LAP_0001.jpg,data/v3/user/images/P01/S01/P01_S01_LAP_0001.jpg,data/v3/user/images/P01/S01/P01_S01_LAP_0001.jpg,data/v3/user/labels/P01/S01/P01_S01_LAP_0001.txt,data/v3/user/previews/P01/S01/P01_S01_LAP_0001.jpg,LAP,LAP,laptop,basic,laptop_lenovo_01,included,1,0,0,29671bbbe5555b9eb90f0851eca5319786e8ec82c05a5d688a636e46789d6fac,V2_geometry_reverified_under_V3_ontology,second_visual_review_approved
P01_user,data/raw/P01/S01/P01_S01_LAP_0006.jpg,data/raw/P01/S01/P01_S01_LAP_0006.jpg,S01,S01,S01,light_lab_table,P01_S01_LAP_0002.jpg,data/v3/user/images/P01/S01/P01_S01_LAP_0002.jpg,data/v3/user/images/P01/S01/P01_S01_LAP_0002.jpg,data/v3/user/labels/P01/S01/P01_S01_LAP_0002.txt,data/v3/user/previews/P01/S01/P01_S01_LAP_0002.jpg,LAP,LAP,laptop,basic,laptop_lenovo_01,included,1,0,0,582dd2e30aabe1f4c5135dee66e5a630b42ed1f6c71816f6b247fb43772f3d7d,V2_geometry_reverified_under_V3_ontology,second_visual_review_approved
P01_user,data/raw/P01/S01/P01_S01_LAP_0007.jpg,data/raw/P01/S01/P01_S01_LAP_0007.jpg,S01,S01,S01,light_lab_table,P01_S01_LAP_0003.jpg,data/v3/user/images/P01/S01/P01_S01_LAP_0003.jpg,data/v3/user/images/P01/S01/P01_S01_LAP_0003.jpg,data/v3/user/labels/P01/S01/P01_S01_LAP_0003.txt,data/v3/user/previews/P01/S01/P01_S01_LAP_0003.jpg,LAP,LAP,laptop,basic,laptop_lenovo_01,included,1,0,0,fea9eb541ca6089f9166a3bd737be6290a2a0ad8ae7fead6f4f310ab31b517ca,V2_geometry_reverified_under_V3_ontology,second_visual_review_approved
P01_user,data/raw/P01/S02/P01_S02_LAP_0003.jpg,data/raw/P01/S02/P01_S02_LAP_0003.jpg,S02,S01,S01,light_lab_table,P01_S01_LAP_0004.jpg,data/v3/user/images/P01/S01/P01_S01_LAP_0004.jpg,data/v3/user/images/P01/S01/P01_S01_LAP_0004.jpg,data/v3/user/labels/P01/S01/P01_S01_LAP_0004.txt,data/v3/user/previews/P01/S01/P01_S01_LAP_0004.jpg,LAP,LAP,laptop,basic,laptop_lenovo_01,included,1,0,0,2d1cbfd5171ce305ce94f6509ee862e55dd53528bb12eb496a0a303ea0542d34,V2_geometry_reverified_under_V3_ontology,second_visual_review_approved
P01_user,data/raw/P01/S02/P01_S02_LAP_0005.jpg,data/raw/P01/S02/P01_S02_LAP_0005.jpg,S02,S01,S01,light_lab_table,P01_S01_LAP_0005.jpg,data/v3/user/images/P01/S01/P01_S01_LAP_0005.jpg,data/v3/user/images/P01/S01/P01_S01_LAP_0005.jpg,data/v3/user/labels/P01/S01/P01_S01_LAP_0005.txt,data/v3/user/previews/P01/S01/P01_S01_LAP_0005.jpg,LAP,LAP,laptop,basic,laptop_lenovo_01,included,1,0,0,ca42509e1553929a7277c39a3046a6f52ed0daf2e64d79d9785e6d199e06c069,V2_geometry_reverified_under_V3_ontology,second_visual_review_approved
P01_user,data/raw/P01/S02/P01_S02_LAP_0006.jpg,data/raw/P01/S02/P01_S02_LAP_0006.jpg,S02,S01,S01,light_lab_table,P01_S01_LAP_0006.jpg,data/v3/user/images/P01/S01/P01_S01_LAP_0006.jpg,data/v3/user/images/P01/S01/P01_S01_LAP_0006.jpg,data/v3/user/labels/P01/S01/P01_S01_LAP_0006.txt,data/v3/user/previews/P01/S01/P01_S01_LAP_0006.jpg,LAP,LAP,laptop,basic,laptop_lenovo_01,included,1,0,0,9908a46a5e75fe07ad7b75741f8641d8574afd75028b111c37060c3cb31b4ff5,V2_geometry_reverified_under_V3_ontology,second_visual_review_approved
P01_user,data/raw/P01/S02/P01_S02_MIX_0019.jpg,data/raw/P01/S02/P01_S02_MIX_0019.jpg,S02,S01,S01,light_lab_table,P01_S01_LAP_0007.jpg,data/v3/user/images/P01/S01/P01_S01_LAP_0007.jpg,data/v3/user/images/P01/S01/P01_S01_LAP_0007.jpg,data/v3/user/labels/P01/S01/P01_S01_LAP_0007.txt,data/v3/user/previews/P01/S01/P01_S01_LAP_0007.jpg,LAP,LAP,laptop,basic,laptop_lenovo_01,included,1,0,0,e69deea8c24bb7922b206482d477cb888d24f87ffd5223a9016b9ddcc8fc0cc9,V2_geometry_reverified_under_V3_ontology,second_visual_review_approved
P01_user,data/raw/P01/S01/P01_S01_MIX_0008.jpg,data/raw/P01/S01/P01_S01_MIX_0008.jpg,S01,S01,S01,light_lab_table,P01_S01_MIX_0001.jpg,data/v3/user/images/P01/S01/P01_S01_MIX_0001.jpg,data/v3/user/images/P01/S01/P01_S01_MIX_0001.jpg,data/v3/user/labels/P01/S01/P01_S01_MIX_0001.txt,data/v3/user/previews/P01/S01/P01_S01_MIX_0001.jpg,MIX,MIX,laptop;cup,multi,laptop_lenovo_01;cup_lab_01,included,1,0,1,16036fffb8a8a11f23fd679e2e60a774bdb578afc8737c09567a5a2290c875dc,V2_geometry_reverified_under_V3_ontology,second_visual_review_approved
P01_user,data/raw/P01/S01/P01_S01_MIX_0009.jpg,data/raw/P01/S01/P01_S01_MIX_0009.jpg,S01,S01,S01,light_lab_table,P01_S01_MIX_0002.jpg,data/v3/user/images/P01/S01/P01_S01_MIX_0002.jpg,data/v3/user/images/P01/S01/P01_S01_MIX_0002.jpg,data/v3/user/labels/P01/S01/P01_S01_MIX_0002.txt,data/v3/user/previews/P01/S01/P01_S01_MIX_0002.jpg,MIX,MIX,laptop;cup,multi,laptop_lenovo_01;cup_lab_01,included,1,0,1,56d0b753ef496fb6db5684376f58cd209d4001c25308ee074bf28bd0a3dd7ec9,V2_geometry_reverified_under_V3_ontology,second_visual_review_approved
P01_user,data/raw/P01/S02/P01_S02_LAP_0004.jpg,data/raw/P01/S02/P01_S02_LAP_0004.jpg,S02,S01,S01,light_lab_table,P01_S01_MIX_0003.jpg,data/v3/user/images/P01/S01/P01_S01_MIX_0003.jpg,data/v3/user/images/P01/S01/P01_S01_MIX_0003.jpg,data/v3/user/labels/P01/S01/P01_S01_MIX_0003.txt,data/v3/user/previews/P01/S01/P01_S01_MIX_0003.jpg,MIX,MIX,laptop;cup,multi,laptop_lenovo_01;cup_lab_01,included,1,0,1,e30ec0d90d22215c071feccc9ce2e2ba9676d2e06921d4dbaac71ee2c9b6b58d,V2_geometry_reverified_under_V3_ontology,second_visual_review_approved
P01_user,data/raw/P01/S02/P01_S02_MIX_0008.jpg,data/raw/P01/S02/P01_S02_MIX_0008.jpg,S02,S01,S01,light_lab_table,P01_S01_MIX_0004.jpg,data/v3/user/images/P01/S01/P01_S01_MIX_0004.jpg,data/v3/user/images/P01/S01/P01_S01_MIX_0004.jpg,data/v3/user/labels/P01/S01/P01_S01_MIX_0004.txt,data/v3/user/previews/P01/S01/P01_S01_MIX_0004.jpg,MIX,MIX,laptop;cup,multi,laptop_lenovo_01;cup_lab_01,included,1,0,1,d221648998613269b423e8a4ae068a4709ae4c3baa2a69c665e8a2b597e732ee,V2_geometry_reverified_under_V3_ontology,second_visual_review_approved
P01_user,data/raw/P01/S02/P01_S02_MIX_0009.jpg,data/raw/P01/S02/P01_S02_MIX_0009.jpg,S02,S01,S01,light_lab_table,P01_S01_MIX_0005.jpg,data/v3/user/images/P01/S01/P01_S01_MIX_0005.jpg,data/v3/user/images/P01/S01/P01_S01_MIX_0005.jpg,data/v3/user/labels/P01/S01/P01_S01_MIX_0005.txt,data/v3/user/previews/P01/S01/P01_S01_MIX_0005.jpg,MIX,MIX,laptop;cup,multi,laptop_lenovo_01;cup_lab_01,included,1,0,1,2062b5fc1b53741cea63debaa2ac48d803a3b0055d9bf70cd09f4d41a246fa58,V2_geometry_reverified_under_V3_ontology,second_visual_review_approved
P01_user,data/raw/P01/S02/P01_S02_MIX_0020.jpg,data/raw/P01/S02/P01_S02_MIX_0020.jpg,S02,S01,S01,light_lab_table,P01_S01_MIX_0006.jpg,data/v3/user/images/P01/S01/P01_S01_MIX_0006.jpg,data/v3/user/images/P01/S01/P01_S01_MIX_0006.jpg,data/v3/user/labels/P01/S01/P01_S01_MIX_0006.txt,data/v3/user/previews/P01/S01/P01_S01_MIX_0006.jpg,MIX,MIX,laptop;cup,multi,mouse_lab_01;laptop_lenovo_01;cup_lab_01,included,1,0,1,255cdce219e83a2f6b7eae86c93b92c205bccfb3e953db51c29ca5f9bf9addfd,V2_geometry_reverified_under_V3_ontology,second_visual_review_approved
P01_user,data/raw/P01/S01/P01_S01_MOU_0011.jpg,data/raw/P01/S01/P01_S01_MOU_0011.jpg,S01,S01,S01,light_lab_table,P01_S01_NEG_0001.jpg,data/v3/user/images/P01/S01/P01_S01_NEG_0001.jpg,data/v3/user/images/P01/S01/P01_S01_NEG_0001.jpg,data/v3/user/labels/P01/S01/P01_S01_NEG_0001.txt,data/v3/user/previews/P01/S01/P01_S01_NEG_0001.jpg,NEG,NEG,,basic,mouse_lab_01,included,0,0,0,fe0b2dee6b0da2a89c0f9dc4e58b395a3540fe4d753144152a0d89dca0e4bc7c,V2_geometry_reverified_under_V3_ontology,second_visual_review_approved
P01_user,data/raw/P01/S02/P01_S02_MOU_0011.jpg,data/raw/P01/S02/P01_S02_MOU_0011.jpg,S02,S01,S01,light_lab_table,P01_S01_NEG_0002.jpg,data/v3/user/images/P01/S01/P01_S01_NEG_0002.jpg,data/v3/user/images/P01/S01/P01_S01_NEG_0002.jpg,data/v3/user/labels/P01/S01/P01_S01_NEG_0002.txt,data/v3/user/previews/P01/S01/P01_S01_NEG_0002.jpg,NEG,NEG,,basic,mouse_lab_01,included,0,0,0,76f51d31b7fbac069e7e71a849958286fc34aa3db46d16f652afff3e0d560d96,V2_geometry_reverified_under_V3_ontology,second_visual_review_approved
P01_user,data/raw/P01/S02/P01_S02_MOU_0012.jpg,data/raw/P01/S02/P01_S02_MOU_0012.jpg,S02,S01,S01,light_lab_table,P01_S01_NEG_0003.jpg,data/v3/user/images/P01/S01/P01_S01_NEG_0003.jpg,data/v3/user/images/P01/S01/P01_S01_NEG_0003.jpg,data/v3/user/labels/P01/S01/P01_S01_NEG_0003.txt,data/v3/user/previews/P01/S01/P01_S01_NEG_0003.jpg,NEG,NEG,,basic,mouse_lab_01,included,0,0,0,13cf63e0c47f6ba087f5cf1b5e2d4b1f15900ef035fe9ac2ce0ec0b1e7f9eb38,V2_geometry_reverified_under_V3_ontology,second_visual_review_approved
P01_user,data/raw/P01/S01/P01_S01_CUP_0019.jpg,data/raw/P01/S01/P01_S01_CUP_0019.jpg,S01,S02,S02,curved_wood_desk,P01_S02_CUP_0001.jpg,data/v3/user/images/P01/S02/P01_S02_CUP_0001.jpg,data/v3/user/images/P01/S02/P01_S02_CUP_0001.jpg,data/v3/user/labels/P01/S02/P01_S02_CUP_0001.txt,data/v3/user/previews/P01/S02/P01_S02_CUP_0001.jpg,CUP,CUP,cup,basic,cup_wood_01,included,0,0,1,ff46776b0bddc12f491ec647aea7c2872ebf3536406f7525ad6aec9e1076a0ba,V2_geometry_reverified_under_V3_ontology,second_visual_review_approved
P01_user,data/raw/P01/S01/P01_S01_CUP_0020.jpg,data/raw/P01/S01/P01_S01_CUP_0020.jpg,S01,S02,S02,curved_wood_desk,P01_S02_CUP_0002.jpg,data/v3/user/images/P01/S02/P01_S02_CUP_0002.jpg,data/v3/user/images/P01/S02/P01_S02_CUP_0002.jpg,data/v3/user/labels/P01/S02/P01_S02_CUP_0002.txt,data/v3/user/previews/P01/S02/P01_S02_CUP_0002.jpg,CUP,CUP,cup,basic,cup_wood_01,included,0,0,1,93deba2f18ccfa7415096f3f973b2c70a9b2b37cf18a4809cd4d341e8d145709,V2_geometry_reverified_under_V3_ontology,second_visual_review_approved
P01_user,data/raw/P01/S01/P01_S01_MIX_0013.jpg,data/raw/P01/S01/P01_S01_MIX_0013.jpg,S01,S02,S02,curved_wood_desk,P01_S02_CUP_0003.jpg,data/v3/user/images/P01/S02/P01_S02_CUP_0003.jpg,data/v3/user/images/P01/S02/P01_S02_CUP_0003.jpg,data/v3/user/labels/P01/S02/P01_S02_CUP_0003.txt,data/v3/user/previews/P01/S02/P01_S02_CUP_0003.jpg,CUP,CUP,cup,multi,mouse_wood_01;cup_wood_01,included,0,0,1,58fdcba093948c211125e6cb0e6e8f40efbaf50150122af7189b977d1e70f4c8,V2_geometry_reverified_under_V3_ontology,second_visual_review_approved
P01_user,data/raw/P01/S02/P01_S02_MIX_0015.jpg,data/raw/P01/S02/P01_S02_MIX_0015.jpg,S02,S02,S02,curved_wood_desk,P01_S02_CUP_0004.jpg,data/v3/user/images/P01/S02/P01_S02_CUP_0004.jpg,data/v3/user/images/P01/S02/P01_S02_CUP_0004.jpg,data/v3/user/labels/P01/S02/P01_S02_CUP_0004.txt,data/v3/user/previews/P01/S02/P01_S02_CUP_0004.jpg,CUP,CUP,cup,multi,mouse_wood_01;cup_wood_01;headphones_wood_01,included,0,0,1,7c3384d2a50d0b2c9fe099f479b76cd244b6f8794e048d08000a38cc11e75946,V2_geometry_reverified_under_V3_ontology,second_visual_review_approved
P01_user,data/raw/P01/S02/P01_S02_MIX_0018.jpg,data/raw/P01/S02/P01_S02_MIX_0018.jpg,S02,S02,S02,curved_wood_desk,P01_S02_CUP_0005.jpg,data/v3/user/images/P01/S02/P01_S02_CUP_0005.jpg,data/v3/user/images/P01/S02/P01_S02_CUP_0005.jpg,data/v3/user/labels/P01/S02/P01_S02_CUP_0005.txt,data/v3/user/previews/P01/S02/P01_S02_CUP_0005.jpg,CUP,CUP,cup,multi,mouse_wood_01;cup_wood_01;headphones_wood_01,included,0,0,1,740a097c765b7aaf78a8e308d940c308cabd4fcc687c1f1e34e55e421a2d3d59,V2_geometry_reverified_under_V3_ontology,second_visual_review_approved
P01_user,data/raw/P01/S03/P01_S03_CUP_0011.jpg,data/raw/P01/S03/P01_S03_CUP_0011.jpg,S03,S02,S02,curved_wood_desk,P01_S02_CUP_0006.jpg,data/v3/user/images/P01/S02/P01_S02_CUP_0006.jpg,data/v3/user/images/P01/S02/P01_S02_CUP_0006.jpg,data/v3/user/labels/P01/S02/P01_S02_CUP_0006.txt,data/v3/user/previews/P01/S02/P01_S02_CUP_0006.jpg,CUP,CUP,cup,basic,cup_wood_01,included,0,0,1,6d8a4496969e5b1a539d7c6a05c07dad856cc75540e3e440e90407d5b1c1dfc7,V2_geometry_reverified_under_V3_ontology,second_visual_review_approved
P01_user,data/raw/P01/S03/P01_S03_CUP_0012.jpg,data/raw/P01/S03/P01_S03_CUP_0012.jpg,S03,S02,S02,curved_wood_desk,P01_S02_CUP_0007.jpg,data/v3/user/images/P01/S02/P01_S02_CUP_0007.jpg,data/v3/user/images/P01/S02/P01_S02_CUP_0007.jpg,data/v3/user/labels/P01/S02/P01_S02_CUP_0007.txt,data/v3/user/previews/P01/S02/P01_S02_CUP_0007.jpg,CUP,CUP,cup,basic,cup_wood_01,included,0,0,1,fb6f475e774dc3fcd183ef68faecd5c0b4961e48a6bb064aadb64737964380f9,V2_geometry_reverified_under_V3_ontology,second_visual_review_approved
P01_user,data/raw/P01/S03/P01_S03_MIX_0009.jpg,data/raw/P01/S03/P01_S03_MIX_0009.jpg,S03,S02,S02,curved_wood_desk,P01_S02_CUP_0008.jpg,data/v3/user/images/P01/S02/P01_S02_CUP_0008.jpg,data/v3/user/images/P01/S02/P01_S02_CUP_0008.jpg,data/v3/user/labels/P01/S02/P01_S02_CUP_0008.txt,data/v3/user/previews/P01/S02/P01_S02_CUP_0008.jpg,CUP,CUP,cup,multi,mouse_wood_01;cup_wood_01;headphones_wood_01,included,0,0,1,ba15d980f64ccdb7687b59a9a4a4c9ecd80da026545e2718fd12e137ee4b39ad,V2_geometry_reverified_under_V3_ontology,second_visual_review_approved
P01_user,data/raw/P01/S03/P01_S03_MIX_0010.jpg,data/raw/P01/S03/P01_S03_MIX_0010.jpg,S03,S02,S02,curved_wood_desk,P01_S02_CUP_0009.jpg,data/v3/user/images/P01/S02/P01_S02_CUP_0009.jpg,data/v3/user/images/P01/S02/P01_S02_CUP_0009.jpg,data/v3/user/labels/P01/S02/P01_S02_CUP_0009.txt,data/v3/user/previews/P01/S02/P01_S02_CUP_0009.jpg,CUP,CUP,cup,multi,cup_wood_01;headphones_wood_01,included,0,0,1,c935f91033296bff53a7ebb805da89a828bdfbde3c03e56b6191c069f0237301,V2_geometry_reverified_under_V3_ontology,second_visual_review_approved
P01_user,data/raw/P01/S04/P01_S04_MIX_0006.jpg,data/raw/P01/S04/P01_S04_MIX_0006.jpg,S04,S02,S02,curved_wood_desk,P01_S02_CUP_0010.jpg,data/v3/user/images/P01/S02/P01_S02_CUP_0010.jpg,data/v3/user/images/P01/S02/P01_S02_CUP_0010.jpg,data/v3/user/labels/P01/S02/P01_S02_CUP_0010.txt,data/v3/user/previews/P01/S02/P01_S02_CUP_0010.jpg,CUP,CUP,cup,multi,mouse_wood_01;cup_wood_01,included,0,0,1,f55835d81db37338e83b264afdef04080021578c78de4c55f9f80fa135e25292,V2_geometry_reverified_under_V3_ontology,second_visual_review_approved
P01_user,data/raw/P01/S04/P01_S04_MIX_0011.jpg,data/raw/P01/S04/P01_S04_MIX_0011.jpg,S04,S02,S02,curved_wood_desk,P01_S02_CUP_0011.jpg,data/v3/user/images/P01/S02/P01_S02_CUP_0011.jpg,data/v3/user/images/P01/S02/P01_S02_CUP_0011.jpg,data/v3/user/labels/P01/S02/P01_S02_CUP_0011.txt,data/v3/user/previews/P01/S02/P01_S02_CUP_0011.jpg,CUP,CUP,cup,multi,mouse_wood_01;cup_wood_01;headphones_wood_01,included,0,0,1,79308a327288d26dc68dc6401969aa13078a2905fd70a0dd05376253020a1ceb,V2_geometry_reverified_under_V3_ontology,second_visual_review_approved
P01_user,data/raw/P01/S04/P01_S04_MIX_0016.jpg,data/raw/P01/S04/P01_S04_MIX_0016.jpg,S04,S02,S02,curved_wood_desk,P01_S02_CUP_0012.jpg,data/v3/user/images/P01/S02/P01_S02_CUP_0012.jpg,data/v3/user/images/P01/S02/P01_S02_CUP_0012.jpg,data/v3/user/labels/P01/S02/P01_S02_CUP_0012.txt,data/v3/user/previews/P01/S02/P01_S02_CUP_0012.jpg,CUP,CUP,cup,multi,mouse_wood_01;cup_wood_01;headphones_wood_01,included,0,0,1,4b5d7e500d0db1783bcb49a7d5c98438a8cf25c8be6d874d780f54f38e1d2ef5,V2_geometry_reverified_under_V3_ontology,second_visual_review_approved
P01_user,data/raw/P01/S01/P01_S01_MIX_0016.jpg,data/raw/P01/S01/P01_S01_MIX_0016.jpg,S01,S02,S02,curved_wood_desk,P01_S02_KEY_0001.jpg,data/v3/user/images/P01/S02/P01_S02_KEY_0001.jpg,data/v3/user/images/P01/S02/P01_S02_KEY_0001.jpg,data/v3/user/labels/P01/S02/P01_S02_KEY_0001.txt,data/v3/user/previews/P01/S02/P01_S02_KEY_0001.jpg,KEY,KEY,keyboard,multi,mouse_wood_01;keyboard_wood_01,included,0,1,0,b52516ab2202b824cf05199c94510689b6c72cdf6389bebd1fbbd9bff3da3f8b,V2_geometry_reverified_under_V3_ontology,second_visual_review_approved
P01_user,data/raw/P01/S02/P01_S02_MIX_0014.jpg,data/raw/P01/S02/P01_S02_MIX_0014.jpg,S02,S02,S02,curved_wood_desk,P01_S02_KEY_0002.jpg,data/v3/user/images/P01/S02/P01_S02_KEY_0002.jpg,data/v3/user/images/P01/S02/P01_S02_KEY_0002.jpg,data/v3/user/labels/P01/S02/P01_S02_KEY_0002.txt,data/v3/user/previews/P01/S02/P01_S02_KEY_0002.jpg,KEY,KEY,keyboard,multi,mouse_wood_01;keyboard_wood_01;headphones_wood_01,included,0,1,0,ce0d1c121a8344e98882128d9ed81b36f8469473d2c0413eb256fe36fda77d0d,V2_geometry_reverified_under_V3_ontology,second_visual_review_approved
P01_user,data/raw/P01/S03/P01_S03_MIX_0006.jpg,data/raw/P01/S03/P01_S03_MIX_0006.jpg,S03,S02,S02,curved_wood_desk,P01_S02_KEY_0003.jpg,data/v3/user/images/P01/S02/P01_S02_KEY_0003.jpg,data/v3/user/images/P01/S02/P01_S02_KEY_0003.jpg,data/v3/user/labels/P01/S02/P01_S02_KEY_0003.txt,data/v3/user/previews/P01/S02/P01_S02_KEY_0003.jpg,KEY,KEY,keyboard,multi,mouse_wood_01;keyboard_wood_01;headphones_wood_01,included,0,1,0,36ac8ea7a3879f3fcf6278d644a3cb5091f8f7f382cb18ecb2c53989e1b4d23b,V2_geometry_reverified_under_V3_ontology,second_visual_review_approved
P01_user,data/raw/P01/S03/P01_S03_MIX_0007.jpg,data/raw/P01/S03/P01_S03_MIX_0007.jpg,S03,S02,S02,curved_wood_desk,P01_S02_KEY_0004.jpg,data/v3/user/images/P01/S02/P01_S02_KEY_0004.jpg,data/v3/user/images/P01/S02/P01_S02_KEY_0004.jpg,data/v3/user/labels/P01/S02/P01_S02_KEY_0004.txt,data/v3/user/previews/P01/S02/P01_S02_KEY_0004.jpg,KEY,KEY,keyboard,multi,mouse_wood_01;keyboard_wood_01,included,0,1,0,82c4c98fb55b34f034ba237254cda7d47a34e94763f550de734123e4eb906f29,V2_geometry_reverified_under_V3_ontology,second_visual_review_approved
P01_user,data/raw/P01/S04/P01_S04_MIX_0003.jpg,data/raw/P01/S04/P01_S04_MIX_0003.jpg,S04,S02,S02,curved_wood_desk,P01_S02_KEY_0005.jpg,data/v3/user/images/P01/S02/P01_S02_KEY_0005.jpg,data/v3/user/images/P01/S02/P01_S02_KEY_0005.jpg,data/v3/user/labels/P01/S02/P01_S02_KEY_0005.txt,data/v3/user/previews/P01/S02/P01_S02_KEY_0005.jpg,KEY,KEY,keyboard,multi,keyboard_wood_01;headphones_wood_01,included,0,1,0,dd0fdd0d434664a1983b458e68db88d485d4ac12dbd4e14912d23c08188198cc,V2_geometry_reverified_under_V3_ontology,second_visual_review_approved
P01_user,data/raw/P01/S02/P01_S02_MIX_0016.jpg,data/raw/P01/S02/P01_S02_MIX_0016.jpg,S02,S02,S02,curved_wood_desk,P01_S02_LAP_0001.jpg,data/v3/user/images/P01/S02/P01_S02_LAP_0001.jpg,data/v3/user/images/P01/S02/P01_S02_LAP_0001.jpg,data/v3/user/labels/P01/S02/P01_S02_LAP_0001.txt,data/v3/user/previews/P01/S02/P01_S02_LAP_0001.jpg,LAP,LAP,laptop,multi,mouse_wood_01;laptop_lenovo_01,included,1,0,0,25291c967db47c24dbeb2500feda67f8d2549e86cfaf67638b90c942ed8d2d4d,V2_geometry_reverified_under_V3_ontology,second_visual_review_approved
P01_user,data/raw/P01/S03/P01_S03_LAP_0013.jpg,data/raw/P01/S03/P01_S03_LAP_0013.jpg,S03,S02,S02,curved_wood_desk,P01_S02_LAP_0002.jpg,data/v3/user/images/P01/S02/P01_S02_LAP_0002.jpg,data/v3/user/images/P01/S02/P01_S02_LAP_0002.jpg,data/v3/user/labels/P01/S02/P01_S02_LAP_0002.txt,data/v3/user/previews/P01/S02/P01_S02_LAP_0002.jpg,LAP,LAP,laptop,basic,laptop_lenovo_01,included,1,0,0,5020efc64127b46272ce9aab22eb522e5ac99e16e3057a05c3f8aa5e62533eba,V2_geometry_reverified_under_V3_ontology,second_visual_review_approved
P01_user,data/raw/P01/S03/P01_S03_LAP_0014.jpg,data/raw/P01/S03/P01_S03_LAP_0014.jpg,S03,S02,S02,curved_wood_desk,P01_S02_LAP_0003.jpg,data/v3/user/images/P01/S02/P01_S02_LAP_0003.jpg,data/v3/user/images/P01/S02/P01_S02_LAP_0003.jpg,data/v3/user/labels/P01/S02/P01_S02_LAP_0003.txt,data/v3/user/previews/P01/S02/P01_S02_LAP_0003.jpg,LAP,LAP,laptop,multi,laptop_lenovo_01;headphones_wood_01,included,1,0,0,f770cc50693c6baae01f1690a23e0f741e1745b80af6b069b00aa6f3b049a280,V2_geometry_reverified_under_V3_ontology,second_visual_review_approved
P01_user,data/raw/P01/S04/P01_S04_MIX_0014.jpg,data/raw/P01/S04/P01_S04_MIX_0014.jpg,S04,S02,S02,curved_wood_desk,P01_S02_LAP_0004.jpg,data/v3/user/images/P01/S02/P01_S02_LAP_0004.jpg,data/v3/user/images/P01/S02/P01_S02_LAP_0004.jpg,data/v3/user/labels/P01/S02/P01_S02_LAP_0004.txt,data/v3/user/previews/P01/S02/P01_S02_LAP_0004.jpg,LAP,LAP,laptop,multi,mouse_wood_01;laptop_lenovo_01;headphones_wood_01,included,1,0,0,d9ba2420c39b24225ade7f53ac80cd72acf298ddb2379d4c95821bd0ea81b92d,V2_geometry_reverified_under_V3_ontology,second_visual_review_approved
P01_user,data/raw/P01/S02/P01_S02_MIX_0017.jpg,data/raw/P01/S02/P01_S02_MIX_0017.jpg,S02,S02,S02,curved_wood_desk,P01_S02_MIX_0001.jpg,data/v3/user/images/P01/S02/P01_S02_MIX_0001.jpg,data/v3/user/images/P01/S02/P01_S02_MIX_0001.jpg,data/v3/user/labels/P01/S02/P01_S02_MIX_0001.txt,data/v3/user/previews/P01/S02/P01_S02_MIX_0001.jpg,MIX,MIX,keyboard;cup,multi,mouse_wood_01;keyboard_wood_01;cup_wood_01,included,0,1,1,2a0c4c5d876d2e3fbbb8a3834bfb5c17c24d82ff012106eaa77b1d996a4e7124,V2_geometry_reverified_under_V3_ontology,second_visual_review_approved
P01_user,data/raw/P01/S03/P01_S03_KEY_0015.jpg,data/raw/P01/S03/P01_S03_KEY_0015.jpg,S03,S02,S02,curved_wood_desk,P01_S02_MIX_0002.jpg,data/v3/user/images/P01/S02/P01_S02_MIX_0002.jpg,data/v3/user/images/P01/S02/P01_S02_MIX_0002.jpg,data/v3/user/labels/P01/S02/P01_S02_MIX_0002.txt,data/v3/user/previews/P01/S02/P01_S02_MIX_0002.jpg,MIX,MIX,laptop;keyboard,multi,keyboard_wood_01;laptop_lenovo_01,included,1,1,0,9ea59df533dfa8e160b4d67fca148bf8adfa6da2f6727ef6667fed219ac19750,V2_geometry_reverified_under_V3_ontology,second_visual_review_approved
P01_user,data/raw/P01/S03/P01_S03_MIX_0008.jpg,data/raw/P01/S03/P01_S03_MIX_0008.jpg,S03,S02,S02,curved_wood_desk,P01_S02_MIX_0003.jpg,data/v3/user/images/P01/S02/P01_S02_MIX_0003.jpg,data/v3/user/images/P01/S02/P01_S02_MIX_0003.jpg,data/v3/user/labels/P01/S02/P01_S02_MIX_0003.txt,data/v3/user/previews/P01/S02/P01_S02_MIX_0003.jpg,MIX,MIX,keyboard;cup,multi,mouse_wood_01;keyboard_wood_01;cup_wood_01,included,0,1,1,7dd5ae0a0e97aa3b3aa176db7dc1fd97723973de69fdb0070dfffceca20a7227,V2_geometry_reverified_under_V3_ontology,second_visual_review_approved
P01_user,data/raw/P01/S03/P01_S03_MIX_0016.jpg,data/raw/P01/S03/P01_S03_MIX_0016.jpg,S03,S02,S02,curved_wood_desk,P01_S02_MIX_0004.jpg,data/v3/user/images/P01/S02/P01_S02_MIX_0004.jpg,data/v3/user/images/P01/S02/P01_S02_MIX_0004.jpg,data/v3/user/labels/P01/S02/P01_S02_MIX_0004.txt,data/v3/user/previews/P01/S02/P01_S02_MIX_0004.jpg,MIX,MIX,laptop;keyboard;cup,multi,mouse_wood_01;keyboard_wood_01;laptop_lenovo_01;cup_wood_01;headphones_wood_01,included,1,1,2,727c7e28b85c5c0df2227131a8de0e80c9646a7c8ae6a3666eacb95ac42964f1,V2_geometry_reverified_under_V3_ontology,second_visual_review_approved
P01_user,data/raw/P01/S03/P01_S03_MIX_0017.jpg,data/raw/P01/S03/P01_S03_MIX_0017.jpg,S03,S02,S02,curved_wood_desk,P01_S02_MIX_0005.jpg,data/v3/user/images/P01/S02/P01_S02_MIX_0005.jpg,data/v3/user/images/P01/S02/P01_S02_MIX_0005.jpg,data/v3/user/labels/P01/S02/P01_S02_MIX_0005.txt,data/v3/user/previews/P01/S02/P01_S02_MIX_0005.jpg,MIX,MIX,laptop;keyboard;cup,multi,mouse_wood_01;keyboard_wood_01;laptop_lenovo_01;cup_wood_01;headphones_wood_01,included,1,1,1,82b5a86302b32dedda10c31f9940c23aff8491a3fdd2af76c52893f204fc6a54,V2_geometry_reverified_under_V3_ontology,second_visual_review_approved
P01_user,data/raw/P01/S03/P01_S03_MIX_0018.jpg,data/raw/P01/S03/P01_S03_MIX_0018.jpg,S03,S02,S02,curved_wood_desk,P01_S02_MIX_0006.jpg,data/v3/user/images/P01/S02/P01_S02_MIX_0006.jpg,data/v3/user/images/P01/S02/P01_S02_MIX_0006.jpg,data/v3/user/labels/P01/S02/P01_S02_MIX_0006.txt,data/v3/user/previews/P01/S02/P01_S02_MIX_0006.jpg,MIX,MIX,laptop;keyboard,multi,mouse_wood_01;keyboard_wood_01;laptop_lenovo_01;headphones_wood_01,included,1,1,0,197c04df4679f12ac83725f193332b362d329cc5ce724895fb4c8e1f5f0edf01,V2_geometry_reverified_under_V3_ontology,second_visual_review_approved
P01_user,data/raw/P01/S04/P01_S04_KEY_0001.jpg,data/raw/P01/S04/P01_S04_KEY_0001.jpg,S04,S02,S02,curved_wood_desk,P01_S02_MIX_0007.jpg,data/v3/user/images/P01/S02/P01_S02_MIX_0007.jpg,data/v3/user/images/P01/S02/P01_S02_MIX_0007.jpg,data/v3/user/labels/P01/S02/P01_S02_MIX_0007.txt,data/v3/user/previews/P01/S02/P01_S02_MIX_0007.jpg,MIX,MIX,laptop;keyboard,multi,keyboard_wood_01;laptop_lenovo_01,included,1,1,0,ff727fd3db35a350aee3c1659939a5ef5c540a3f8ddc0e21bf58f44c503864d6,V2_geometry_reverified_under_V3_ontology,second_visual_review_approved
P01_user,data/raw/P01/S04/P01_S04_MIX_0004.jpg,data/raw/P01/S04/P01_S04_MIX_0004.jpg,S04,S02,S02,curved_wood_desk,P01_S02_MIX_0008.jpg,data/v3/user/images/P01/S02/P01_S02_MIX_0008.jpg,data/v3/user/images/P01/S02/P01_S02_MIX_0008.jpg,data/v3/user/labels/P01/S02/P01_S02_MIX_0008.txt,data/v3/user/previews/P01/S02/P01_S02_MIX_0008.jpg,MIX,MIX,laptop;keyboard;cup,multi,mouse_wood_01;keyboard_wood_01;laptop_lenovo_01;cup_wood_01;headphones_wood_01,included,1,1,1,27327ee9a4a7b49e0d87c913a27173fe163485a9b3279110803b70e14719e499,V2_geometry_reverified_under_V3_ontology,second_visual_review_approved
P01_user,data/raw/P01/S04/P01_S04_MIX_0005.jpg,data/raw/P01/S04/P01_S04_MIX_0005.jpg,S04,S02,S02,curved_wood_desk,P01_S02_MIX_0009.jpg,data/v3/user/images/P01/S02/P01_S02_MIX_0009.jpg,data/v3/user/images/P01/S02/P01_S02_MIX_0009.jpg,data/v3/user/labels/P01/S02/P01_S02_MIX_0009.txt,data/v3/user/previews/P01/S02/P01_S02_MIX_0009.jpg,MIX,MIX,laptop;keyboard;cup,multi,mouse_wood_01;keyboard_wood_01;laptop_lenovo_01;cup_wood_01;headphones_wood_01,included,1,1,1,2885e1e6fa0c5ae4178d50d2c17378de5be73a9e39b429d1240f50ec6aff2d33,V2_geometry_reverified_under_V3_ontology,second_visual_review_approved
P01_user,data/raw/P01/S04/P01_S04_MIX_0007.jpg,data/raw/P01/S04/P01_S04_MIX_0007.jpg,S04,S02,S02,curved_wood_desk,P01_S02_MIX_0010.jpg,data/v3/user/images/P01/S02/P01_S02_MIX_0010.jpg,data/v3/user/images/P01/S02/P01_S02_MIX_0010.jpg,data/v3/user/labels/P01/S02/P01_S02_MIX_0010.txt,data/v3/user/previews/P01/S02/P01_S02_MIX_0010.jpg,MIX,MIX,laptop;cup,multi,mouse_wood_01;laptop_lenovo_01;cup_wood_01,included,1,0,2,c0447e2103192c2589abbe7b5f911741555649e03c9f9b3ad64d3e15d348ac17,V2_geometry_reverified_under_V3_ontology,second_visual_review_approved
P01_user,data/raw/P01/S04/P01_S04_MIX_0008.jpg,data/raw/P01/S04/P01_S04_MIX_0008.jpg,S04,S02,S02,curved_wood_desk,P01_S02_MIX_0011.jpg,data/v3/user/images/P01/S02/P01_S02_MIX_0011.jpg,data/v3/user/images/P01/S02/P01_S02_MIX_0011.jpg,data/v3/user/labels/P01/S02/P01_S02_MIX_0011.txt,data/v3/user/previews/P01/S02/P01_S02_MIX_0011.jpg,MIX,MIX,laptop;cup,multi,mouse_wood_01;laptop_lenovo_01;cup_wood_01,included,1,0,2,dffa056bd26f4f8ec00c401ba80960b132d1e59e012a53800970fcb035ed556b,V2_geometry_reverified_under_V3_ontology,second_visual_review_approved
P01_user,data/raw/P01/S04/P01_S04_MIX_0009.jpg,data/raw/P01/S04/P01_S04_MIX_0009.jpg,S04,S02,S02,curved_wood_desk,P01_S02_MIX_0012.jpg,data/v3/user/images/P01/S02/P01_S02_MIX_0012.jpg,data/v3/user/images/P01/S02/P01_S02_MIX_0012.jpg,data/v3/user/labels/P01/S02/P01_S02_MIX_0012.txt,data/v3/user/previews/P01/S02/P01_S02_MIX_0012.jpg,MIX,MIX,laptop;cup,multi,mouse_wood_01;laptop_lenovo_01;cup_wood_01;headphones_wood_01,included,1,0,1,0bde84b7834e88287a45070255a79c7acf3cf8e9440d705febf3f32052e41c72,V2_geometry_reverified_under_V3_ontology,second_visual_review_approved
P01_user,data/raw/P01/S04/P01_S04_MIX_0010.jpg,data/raw/P01/S04/P01_S04_MIX_0010.jpg,S04,S02,S02,curved_wood_desk,P01_S02_MIX_0013.jpg,data/v3/user/images/P01/S02/P01_S02_MIX_0013.jpg,data/v3/user/images/P01/S02/P01_S02_MIX_0013.jpg,data/v3/user/labels/P01/S02/P01_S02_MIX_0013.txt,data/v3/user/previews/P01/S02/P01_S02_MIX_0013.jpg,MIX,MIX,laptop;keyboard;cup,multi,mouse_wood_01;keyboard_wood_01;laptop_lenovo_01;cup_wood_01,included,1,1,1,df38a526c6d82148aef0a42c72cd73637478d4ffa02590f82ccf0d99d9457396,V2_geometry_reverified_under_V3_ontology,second_visual_review_approved
P01_user,data/raw/P01/S04/P01_S04_MIX_0012.jpg,data/raw/P01/S04/P01_S04_MIX_0012.jpg,S04,S02,S02,curved_wood_desk,P01_S02_MIX_0014.jpg,data/v3/user/images/P01/S02/P01_S02_MIX_0014.jpg,data/v3/user/images/P01/S02/P01_S02_MIX_0014.jpg,data/v3/user/labels/P01/S02/P01_S02_MIX_0014.txt,data/v3/user/previews/P01/S02/P01_S02_MIX_0014.jpg,MIX,MIX,laptop;keyboard,multi,keyboard_wood_01;laptop_lenovo_01,included,1,1,0,da311f89f6b2797c57b95aab4ae3ab84385a795291e4b94e7eefa455e0d9f23d,V2_geometry_reverified_under_V3_ontology,second_visual_review_approved
P01_user,data/raw/P01/S04/P01_S04_MIX_0013.jpg,data/raw/P01/S04/P01_S04_MIX_0013.jpg,S04,S02,S02,curved_wood_desk,P01_S02_MIX_0015.jpg,data/v3/user/images/P01/S02/P01_S02_MIX_0015.jpg,data/v3/user/images/P01/S02/P01_S02_MIX_0015.jpg,data/v3/user/labels/P01/S02/P01_S02_MIX_0015.txt,data/v3/user/previews/P01/S02/P01_S02_MIX_0015.jpg,MIX,MIX,laptop;keyboard,multi,mouse_wood_01;keyboard_wood_01;laptop_lenovo_01;headphones_wood_01,included,1,1,0,e40890c5e0dd0b65bb30ce30d85fbf38cab0e762ba7c95623c5d1e0fc7196093,V2_geometry_reverified_under_V3_ontology,second_visual_review_approved
P01_user,data/raw/P01/S04/P01_S04_MIX_0015.jpg,data/raw/P01/S04/P01_S04_MIX_0015.jpg,S04,S02,S02,curved_wood_desk,P01_S02_MIX_0016.jpg,data/v3/user/images/P01/S02/P01_S02_MIX_0016.jpg,data/v3/user/images/P01/S02/P01_S02_MIX_0016.jpg,data/v3/user/labels/P01/S02/P01_S02_MIX_0016.txt,data/v3/user/previews/P01/S02/P01_S02_MIX_0016.jpg,MIX,MIX,laptop;keyboard;cup,multi,mouse_wood_01;keyboard_wood_01;laptop_lenovo_01;cup_wood_01;headphones_wood_01,included,1,1,1,f2b2792735745336e54d45324bdfdf470661bc175f900911363d6e8564a6d191,V2_geometry_reverified_under_V3_ontology,second_visual_review_approved
P01_user,data/raw/P01/S04/P01_S04_MIX_0017.jpg,data/raw/P01/S04/P01_S04_MIX_0017.jpg,S04,S02,S02,curved_wood_desk,P01_S02_MIX_0017.jpg,data/v3/user/images/P01/S02/P01_S02_MIX_0017.jpg,data/v3/user/images/P01/S02/P01_S02_MIX_0017.jpg,data/v3/user/labels/P01/S02/P01_S02_MIX_0017.txt,data/v3/user/previews/P01/S02/P01_S02_MIX_0017.jpg,MIX,MIX,laptop;cup,multi,mouse_wood_01;laptop_lenovo_01;cup_wood_01;headphones_wood_01,included,1,0,1,da4ec6eb9fc526b63ba5ffe2f1aefec5e4eef9efeab4915bad2bec00d62be4d4,V2_geometry_reverified_under_V3_ontology,second_visual_review_approved
P01_user,data/raw/P01/S06/ac25ecc08fbfefea8baad76c978a49e8.jpg,data/raw/P01/S06/ac25ecc08fbfefea8baad76c978a49e8.jpg,S06,S02,S02,curved_wood_desk,P01_S02_MIX_0018.jpg,data/v3/user/images/P01/S02/P01_S02_MIX_0018.jpg,data/v3/user/images/P01/S02/P01_S02_MIX_0018.jpg,data/v3/user/labels/P01/S02/P01_S02_MIX_0018.txt,data/v3/user/previews/P01/S02/P01_S02_MIX_0018.jpg,MIX,MIX,keyboard;cup,multi,keyboard_wood_01;cup_wood_01,included,0,1,2,8df9dbc35f630e78bba261089eb1c0abd38819d657d17421f33e82af4b9e4b76,V2_geometry_reverified_under_V3_ontology,second_visual_review_approved
P01_user,data/raw/P01/S01/P01_S01_HDP_0012.jpg,data/raw/P01/S01/P01_S01_HDP_0012.jpg,S01,S02,S02,curved_wood_desk,P01_S02_NEG_0001.jpg,data/v3/user/images/P01/S02/P01_S02_NEG_0001.jpg,data/v3/user/images/P01/S02/P01_S02_NEG_0001.jpg,data/v3/user/labels/P01/S02/P01_S02_NEG_0001.txt,data/v3/user/previews/P01/S02/P01_S02_NEG_0001.jpg,NEG,NEG,,basic,headphones_wood_01,included,0,0,0,6361a3d91d04b3389151c627c345966f5952e82c0ca8d78861ddf344724931da,V2_geometry_reverified_under_V3_ontology,second_visual_review_approved
P01_user,data/raw/P01/S01/P01_S01_HDP_0014.jpg,data/raw/P01/S01/P01_S01_HDP_0014.jpg,S01,S02,S02,curved_wood_desk,P01_S02_NEG_0002.jpg,data/v3/user/images/P01/S02/P01_S02_NEG_0002.jpg,data/v3/user/images/P01/S02/P01_S02_NEG_0002.jpg,data/v3/user/labels/P01/S02/P01_S02_NEG_0002.txt,data/v3/user/previews/P01/S02/P01_S02_NEG_0002.jpg,NEG,NEG,,basic,headphones_wood_01,included,0,0,0,215e0751914d9fb3081be8769fbf023ac44a764ac3232122e0a1478c86ea8c62,V2_geometry_reverified_under_V3_ontology,second_visual_review_approved
P01_user,data/raw/P01/S01/P01_S01_HDP_0017.jpg,data/raw/P01/S01/P01_S01_HDP_0017.jpg,S01,S02,S02,curved_wood_desk,P01_S02_NEG_0003.jpg,data/v3/user/images/P01/S02/P01_S02_NEG_0003.jpg,data/v3/user/images/P01/S02/P01_S02_NEG_0003.jpg,data/v3/user/labels/P01/S02/P01_S02_NEG_0003.txt,data/v3/user/previews/P01/S02/P01_S02_NEG_0003.jpg,NEG,NEG,,basic,headphones_wood_01,included,0,0,0,1b0f401fa14c62f37c8b330fecc1367e94e9868b2f38fde4f54fb18922f12934,V2_geometry_reverified_under_V3_ontology,second_visual_review_approved
P01_user,data/raw/P01/S01/P01_S01_HDP_0018.jpg,data/raw/P01/S01/P01_S01_HDP_0018.jpg,S01,S02,S02,curved_wood_desk,P01_S02_NEG_0004.jpg,data/v3/user/images/P01/S02/P01_S02_NEG_0004.jpg,data/v3/user/images/P01/S02/P01_S02_NEG_0004.jpg,data/v3/user/labels/P01/S02/P01_S02_NEG_0004.txt,data/v3/user/previews/P01/S02/P01_S02_NEG_0004.jpg,NEG,NEG,,basic,headphones_wood_01,included,0,0,0,325d5163eba55095bd850d8033c453fbd9f8cf3373e3e9ed85a9f8cc94c6edfd,V2_geometry_reverified_under_V3_ontology,second_visual_review_approved
P01_user,data/raw/P01/S01/P01_S01_HDP_0021.jpg,data/raw/P01/S01/P01_S01_HDP_0021.jpg,S01,S02,S02,curved_wood_desk,P01_S02_NEG_0005.jpg,data/v3/user/images/P01/S02/P01_S02_NEG_0005.jpg,data/v3/user/images/P01/S02/P01_S02_NEG_0005.jpg,data/v3/user/labels/P01/S02/P01_S02_NEG_0005.txt,data/v3/user/previews/P01/S02/P01_S02_NEG_0005.jpg,NEG,NEG,,basic,headphones_wood_01,included,0,0,0,87db0d3ae7bf3fd712602f0dc59caac763f1cb4d443f8fe032166a38a9da8e9c,V2_geometry_reverified_under_V3_ontology,second_visual_review_approved
P01_user,data/raw/P01/S01/P01_S01_MIX_0015.jpg,data/raw/P01/S01/P01_S01_MIX_0015.jpg,S01,S02,S02,curved_wood_desk,P01_S02_NEG_0006.jpg,data/v3/user/images/P01/S02/P01_S02_NEG_0006.jpg,data/v3/user/images/P01/S02/P01_S02_NEG_0006.jpg,data/v3/user/labels/P01/S02/P01_S02_NEG_0006.txt,data/v3/user/previews/P01/S02/P01_S02_NEG_0006.jpg,NEG,NEG,,multi,mouse_wood_01;headphones_wood_01,included,0,0,0,fb39b4aabba6b10db10a3c2ef7b6b80a4979ecefccd57187b4d8e699c0c932bc,V2_geometry_reverified_under_V3_ontology,second_visual_review_approved
P01_user,data/raw/P01/S02/P01_S02_MIX_0013.jpg,data/raw/P01/S02/P01_S02_MIX_0013.jpg,S02,S02,S02,curved_wood_desk,P01_S02_NEG_0007.jpg,data/v3/user/images/P01/S02/P01_S02_NEG_0007.jpg,data/v3/user/images/P01/S02/P01_S02_NEG_0007.jpg,data/v3/user/labels/P01/S02/P01_S02_NEG_0007.txt,data/v3/user/previews/P01/S02/P01_S02_NEG_0007.jpg,NEG,NEG,,multi,mouse_wood_01;headphones_wood_01,included,0,0,0,cff2e6898a185fcb96d367d935577190838871d79d4b07a32640414becad01cb,V2_geometry_reverified_under_V3_ontology,second_visual_review_approved
P01_user,data/raw/P01/S03/P01_S03_HDP_0003.jpg,data/raw/P01/S03/P01_S03_HDP_0003.jpg,S03,S02,S02,curved_wood_desk,P01_S02_NEG_0008.jpg,data/v3/user/images/P01/S02/P01_S02_NEG_0008.jpg,data/v3/user/images/P01/S02/P01_S02_NEG_0008.jpg,data/v3/user/labels/P01/S02/P01_S02_NEG_0008.txt,data/v3/user/previews/P01/S02/P01_S02_NEG_0008.jpg,NEG,NEG,,basic,headphones_wood_01,included,0,0,0,aa9a52b5a47a866f599c20c9f5c4433b0be678f4602368be71bee34e101c172e,V2_geometry_reverified_under_V3_ontology,second_visual_review_approved
P01_user,data/raw/P01/S03/P01_S03_HDP_0004.jpg,data/raw/P01/S03/P01_S03_HDP_0004.jpg,S03,S02,S02,curved_wood_desk,P01_S02_NEG_0009.jpg,data/v3/user/images/P01/S02/P01_S02_NEG_0009.jpg,data/v3/user/images/P01/S02/P01_S02_NEG_0009.jpg,data/v3/user/labels/P01/S02/P01_S02_NEG_0009.txt,data/v3/user/previews/P01/S02/P01_S02_NEG_0009.jpg,NEG,NEG,,basic,headphones_wood_01,included,0,0,0,1a38076227971ed565d6d795757cb1429c48c7f31136c0a013190d0aca299a8e,V2_geometry_reverified_under_V3_ontology,second_visual_review_approved
P01_user,data/raw/P01/S03/P01_S03_HDP_0019.jpg,data/raw/P01/S03/P01_S03_HDP_0019.jpg,S03,S02,S02,curved_wood_desk,P01_S02_NEG_0010.jpg,data/v3/user/images/P01/S02/P01_S02_NEG_0010.jpg,data/v3/user/images/P01/S02/P01_S02_NEG_0010.jpg,data/v3/user/labels/P01/S02/P01_S02_NEG_0010.txt,data/v3/user/previews/P01/S02/P01_S02_NEG_0010.jpg,NEG,NEG,,basic,headphones_wood_01,included,0,0,0,6361a3d91d04b3389151c627c345966f5952e82c0ca8d78861ddf344724931da,V2_geometry_reverified_under_V3_ontology,second_visual_review_approved
P01_user,data/raw/P01/S03/P01_S03_MIX_0005.jpg,data/raw/P01/S03/P01_S03_MIX_0005.jpg,S03,S02,S02,curved_wood_desk,P01_S02_NEG_0011.jpg,data/v3/user/images/P01/S02/P01_S02_NEG_0011.jpg,data/v3/user/images/P01/S02/P01_S02_NEG_0011.jpg,data/v3/user/labels/P01/S02/P01_S02_NEG_0011.txt,data/v3/user/previews/P01/S02/P01_S02_NEG_0011.jpg,NEG,NEG,,multi,mouse_wood_01;headphones_wood_01,included,0,0,0,91fa4a9054cb7201499a5d8371732bb19f91d91e87bf84a501cd10bb7cf691ad,V2_geometry_reverified_under_V3_ontology,second_visual_review_approved
P01_user,data/raw/P01/S03/P01_S03_MOU_0001.jpg,data/raw/P01/S03/P01_S03_MOU_0001.jpg,S03,S02,S02,curved_wood_desk,P01_S02_NEG_0012.jpg,data/v3/user/images/P01/S02/P01_S02_NEG_0012.jpg,data/v3/user/images/P01/S02/P01_S02_NEG_0012.jpg,data/v3/user/labels/P01/S02/P01_S02_NEG_0012.txt,data/v3/user/previews/P01/S02/P01_S02_NEG_0012.jpg,NEG,NEG,,basic,mouse_wood_01,included,0,0,0,c4377d5bad5807fe1a1f5c1e8cbca47db7114f5c6d60916d3e459ec5f1bdf749,V2_geometry_reverified_under_V3_ontology,second_visual_review_approved
P01_user,data/raw/P01/S03/P01_S03_MOU_0002.jpg,data/raw/P01/S03/P01_S03_MOU_0002.jpg,S03,S02,S02,curved_wood_desk,P01_S02_NEG_0013.jpg,data/v3/user/images/P01/S02/P01_S02_NEG_0013.jpg,data/v3/user/images/P01/S02/P01_S02_NEG_0013.jpg,data/v3/user/labels/P01/S02/P01_S02_NEG_0013.txt,data/v3/user/previews/P01/S02/P01_S02_NEG_0013.jpg,NEG,NEG,,basic,mouse_wood_01,included,0,0,0,ee1a8bbf97e46100874c696b8d41a270bfe7d25b0f33d11638fafb77d7cf4462,V2_geometry_reverified_under_V3_ontology,second_visual_review_approved
P01_user,data/raw/P01/S03/P01_S03_MOU_0022.jpg,data/raw/P01/S03/P01_S03_MOU_0022.jpg,S03,S02,S02,curved_wood_desk,P01_S02_NEG_0014.jpg,data/v3/user/images/P01/S02/P01_S02_NEG_0014.jpg,data/v3/user/images/P01/S02/P01_S02_NEG_0014.jpg,data/v3/user/labels/P01/S02/P01_S02_NEG_0014.txt,data/v3/user/previews/P01/S02/P01_S02_NEG_0014.jpg,NEG,NEG,,basic,mouse_wood_01,included,0,0,0,95761dbc398f5a2cfbe792c4672ad455ea3ffce3c2b53fa9ebffe15b9f559b28,V2_geometry_reverified_under_V3_ontology,second_visual_review_approved
P01_user,data/raw/P01/S04/P01_S04_MOU_0002.jpg,data/raw/P01/S04/P01_S04_MOU_0002.jpg,S04,S02,S02,curved_wood_desk,P01_S02_NEG_0015.jpg,data/v3/user/images/P01/S02/P01_S02_NEG_0015.jpg,data/v3/user/images/P01/S02/P01_S02_NEG_0015.jpg,data/v3/user/labels/P01/S02/P01_S02_NEG_0015.txt,data/v3/user/previews/P01/S02/P01_S02_NEG_0015.jpg,NEG,NEG,,basic,mouse_wood_01,included,0,0,0,7ed8f90e36847cd500044f7089045c16f65ae322249de2a172b4f172cb4905af,V2_geometry_reverified_under_V3_ontology,second_visual_review_approved
P01_user,data/raw/P01/S05/P01_S05_NEG_0001.jpg,data/raw/P01/S05/P01_S05_NEG_0001.jpg,S05,S02,S02,curved_wood_desk,P01_S02_NEG_0016.jpg,data/v3/user/images/P01/S02/P01_S02_NEG_0016.jpg,data/v3/user/images/P01/S02/P01_S02_NEG_0016.jpg,data/v3/user/labels/P01/S02/P01_S02_NEG_0016.txt,data/v3/user/previews/P01/S02/P01_S02_NEG_0016.jpg,NEG,NEG,,negative,,included,0,0,0,e31d42382092398c8b8818db9f1c96ff3d97c3f67dc753eb4f15402d55f15268,V2_geometry_reverified_under_V3_ontology,second_visual_review_approved
P01_user,data/raw/P01/S05/P01_S05_NEG_0002.jpg,data/raw/P01/S05/P01_S05_NEG_0002.jpg,S05,S02,S02,curved_wood_desk,P01_S02_NEG_0017.jpg,data/v3/user/images/P01/S02/P01_S02_NEG_0017.jpg,data/v3/user/images/P01/S02/P01_S02_NEG_0017.jpg,data/v3/user/labels/P01/S02/P01_S02_NEG_0017.txt,data/v3/user/previews/P01/S02/P01_S02_NEG_0017.jpg,NEG,NEG,,negative,,included,0,0,0,0b0b590feb739a683f15fdded40570b2577ec253a951a13ac7a05b94a9d2b851,V2_geometry_reverified_under_V3_ontology,second_visual_review_approved
P01_user,data/raw/P01/S05/P01_S05_NEG_0003.jpg,data/raw/P01/S05/P01_S05_NEG_0003.jpg,S05,S02,S02,curved_wood_desk,P01_S02_NEG_0018.jpg,data/v3/user/images/P01/S02/P01_S02_NEG_0018.jpg,data/v3/user/images/P01/S02/P01_S02_NEG_0018.jpg,data/v3/user/labels/P01/S02/P01_S02_NEG_0018.txt,data/v3/user/previews/P01/S02/P01_S02_NEG_0018.jpg,NEG,NEG,,negative,,included,0,0,0,1340e6568e6c52d9a75299a42e97b23333d570608f31e20310e89ba8a065d526,V2_geometry_reverified_under_V3_ontology,second_visual_review_approved
P01_user,data/raw/P01/S05/P01_S05_NEG_0004.jpg,data/raw/P01/S05/P01_S05_NEG_0004.jpg,S05,S02,S02,curved_wood_desk,P01_S02_NEG_0019.jpg,data/v3/user/images/P01/S02/P01_S02_NEG_0019.jpg,data/v3/user/images/P01/S02/P01_S02_NEG_0019.jpg,data/v3/user/labels/P01/S02/P01_S02_NEG_0019.txt,data/v3/user/previews/P01/S02/P01_S02_NEG_0019.jpg,NEG,NEG,,negative,,included,0,0,0,cb5d1e01fb6a6ab2c4053c49632deb25797b57879c31edf9d13dd313f9b2e65d,V2_geometry_reverified_under_V3_ontology,second_visual_review_approved
P01_user,data/raw/P01/S05/P01_S05_NEG_0005.jpg,data/raw/P01/S05/P01_S05_NEG_0005.jpg,S05,S02,S02,curved_wood_desk,P01_S02_NEG_0020.jpg,data/v3/user/images/P01/S02/P01_S02_NEG_0020.jpg,data/v3/user/images/P01/S02/P01_S02_NEG_0020.jpg,data/v3/user/labels/P01/S02/P01_S02_NEG_0020.txt,data/v3/user/previews/P01/S02/P01_S02_NEG_0020.jpg,NEG,NEG,,negative,,included,0,0,0,40aaa530c7352c9fcfae505e3daabb6021b9ed17aeabbf9474696040fc21d0ec,V2_geometry_reverified_under_V3_ontology,second_visual_review_approved
P01_user,data/raw/P01/S05/P01_S05_NEG_0006.jpg,data/raw/P01/S05/P01_S05_NEG_0006.jpg,S05,S02,S02,curved_wood_desk,P01_S02_NEG_0021.jpg,data/v3/user/images/P01/S02/P01_S02_NEG_0021.jpg,data/v3/user/images/P01/S02/P01_S02_NEG_0021.jpg,data/v3/user/labels/P01/S02/P01_S02_NEG_0021.txt,data/v3/user/previews/P01/S02/P01_S02_NEG_0021.jpg,NEG,NEG,,negative,,included,0,0,0,6b90c444950b118f6f276b18a021c2c7004ab850628ec83157e5f99d3911f109,V2_geometry_reverified_under_V3_ontology,second_visual_review_approved
P01_user,data/raw/P01/S06/070ec69193ffcf6ef778f5053b3ff55a.jpg,data/raw/P01/S06/070ec69193ffcf6ef778f5053b3ff55a.jpg,S06,S03,S03,floor_tile,P01_S03_LAP_0001.jpg,data/v3/user/images/P01/S03/P01_S03_LAP_0001.jpg,data/v3/user/images/P01/S03/P01_S03_LAP_0001.jpg,data/v3/user/labels/P01/S03/P01_S03_LAP_0001.txt,data/v3/user/previews/P01/S03/P01_S03_LAP_0001.jpg,LAP,LAP,laptop,multi,laptop_lenovo_01;headphones_lenovo_floor_01,included,1,0,0,b08a73c073f8df08b1a84d8ed3714894860b31f3fb5a2562c55f7a766ccdf0f3,V2_geometry_reverified_under_V3_ontology,second_visual_review_approved
P01_user,data/raw/P01/S06/182866919097fea3596f20d6095cb60f.jpg,data/raw/P01/S06/182866919097fea3596f20d6095cb60f.jpg,S06,S03,S03,floor_tile,P01_S03_LAP_0002.jpg,data/v3/user/images/P01/S03/P01_S03_LAP_0002.jpg,data/v3/user/images/P01/S03/P01_S03_LAP_0002.jpg,data/v3/user/labels/P01/S03/P01_S03_LAP_0002.txt,data/v3/user/previews/P01/S03/P01_S03_LAP_0002.jpg,LAP,LAP,laptop,multi,laptop_lenovo_01;headphones_lenovo_floor_01,included,1,0,0,066f7dea7f08c49b5aece0a0b06a7282d5455c4a0723806d93b97275eea14502,V2_geometry_reverified_under_V3_ontology,second_visual_review_approved
P01_user,data/raw/P01/S06/2347c0379a4047b4edd106386320d3cf.jpg,data/raw/P01/S06/2347c0379a4047b4edd106386320d3cf.jpg,S06,S03,S03,floor_tile,P01_S03_LAP_0003.jpg,data/v3/user/images/P01/S03/P01_S03_LAP_0003.jpg,data/v3/user/images/P01/S03/P01_S03_LAP_0003.jpg,data/v3/user/labels/P01/S03/P01_S03_LAP_0003.txt,data/v3/user/previews/P01/S03/P01_S03_LAP_0003.jpg,LAP,LAP,laptop,basic,laptop_lenovo_01,included,1,0,0,292df0e24aa18263190b568afe77469909d27e32fe7e4744606a0522b1f8e8a6,V2_geometry_reverified_under_V3_ontology,second_visual_review_approved
P01_user,data/raw/P01/S06/25720402ad40ca28bc072ec1fd5c8acd.jpg,data/raw/P01/S06/25720402ad40ca28bc072ec1fd5c8acd.jpg,S06,S03,S03,floor_tile,P01_S03_LAP_0004.jpg,data/v3/user/images/P01/S03/P01_S03_LAP_0004.jpg,data/v3/user/images/P01/S03/P01_S03_LAP_0004.jpg,data/v3/user/labels/P01/S03/P01_S03_LAP_0004.txt,data/v3/user/previews/P01/S03/P01_S03_LAP_0004.jpg,LAP,LAP,laptop,basic,laptop_lenovo_01,included,1,0,0,42b95488061bb03263229032be7f2bce9f7095391cea78a96784457121094c61,V2_geometry_reverified_under_V3_ontology,second_visual_review_approved
P01_user,data/raw/P01/S06/30369bb8428bcc5532ee4084c7f8d5ad.jpg,data/raw/P01/S06/30369bb8428bcc5532ee4084c7f8d5ad.jpg,S06,S03,S03,floor_tile,P01_S03_LAP_0005.jpg,data/v3/user/images/P01/S03/P01_S03_LAP_0005.jpg,data/v3/user/images/P01/S03/P01_S03_LAP_0005.jpg,data/v3/user/labels/P01/S03/P01_S03_LAP_0005.txt,data/v3/user/previews/P01/S03/P01_S03_LAP_0005.jpg,LAP,LAP,laptop,basic,laptop_lenovo_01,included,1,0,0,0318e72fba824fb357f01e0c074c53172eba949f98576052f57071d72f8fa3ed,V2_geometry_reverified_under_V3_ontology,second_visual_review_approved
P01_user,data/raw/P01/S06/63e77d00ff7615130df5b6e0c90c7e91.jpg,data/raw/P01/S06/63e77d00ff7615130df5b6e0c90c7e91.jpg,S06,S03,S03,floor_tile,P01_S03_LAP_0006.jpg,data/v3/user/images/P01/S03/P01_S03_LAP_0006.jpg,data/v3/user/images/P01/S03/P01_S03_LAP_0006.jpg,data/v3/user/labels/P01/S03/P01_S03_LAP_0006.txt,data/v3/user/previews/P01/S03/P01_S03_LAP_0006.jpg,LAP,LAP,laptop,basic,laptop_lenovo_01,included,1,0,0,9c1a00d9d362db0e16487ec64034d83f079db9bee3d7136d4d1b5b669803230b,V2_geometry_reverified_under_V3_ontology,second_visual_review_approved
P01_user,data/raw/P01/S06/c347d893b6e2351548edad6f2f18bacd.jpg,data/raw/P01/S06/c347d893b6e2351548edad6f2f18bacd.jpg,S06,S03,S03,floor_tile,P01_S03_LAP_0007.jpg,data/v3/user/images/P01/S03/P01_S03_LAP_0007.jpg,data/v3/user/images/P01/S03/P01_S03_LAP_0007.jpg,data/v3/user/labels/P01/S03/P01_S03_LAP_0007.txt,data/v3/user/previews/P01/S03/P01_S03_LAP_0007.jpg,LAP,LAP,laptop,basic,laptop_lenovo_01,included,1,0,0,e0c1ec1fa275075fd9bd594ce30d1ca7a471f1ea6da2b1650e0267a3bd1c8c21,V2_geometry_reverified_under_V3_ontology,second_visual_review_approved
P01_user,data/raw/P01/S06/262caa9c7a97ec0ab3f623c8460ac6e2.jpg,data/raw/P01/S06/262caa9c7a97ec0ab3f623c8460ac6e2.jpg,S06,S03,S03,floor_tile,P01_S03_NEG_0001.jpg,data/v3/user/images/P01/S03/P01_S03_NEG_0001.jpg,data/v3/user/images/P01/S03/P01_S03_NEG_0001.jpg,data/v3/user/labels/P01/S03/P01_S03_NEG_0001.txt,data/v3/user/previews/P01/S03/P01_S03_NEG_0001.jpg,NEG,NEG,,basic,headphones_lenovo_floor_01,included,0,0,0,6db31a9b559f581739428783ddef2a49cdd46c34dd57f3369db73bf50ee40bb6,V2_geometry_reverified_under_V3_ontology,second_visual_review_approved
P01_user,data/raw/P01/S06/0c4091061b3f911528c74ee8a0a13813.jpg,data/raw/P01/S06/0c4091061b3f911528c74ee8a0a13813.jpg,S06,S04,S04,simpsons_desk,P01_S04_CUP_0001.jpg,data/v3/user/images/P01/S04/P01_S04_CUP_0001.jpg,data/v3/user/images/P01/S04/P01_S04_CUP_0001.jpg,data/v3/user/labels/P01/S04/P01_S04_CUP_0001.txt,data/v3/user/previews/P01/S04/P01_S04_CUP_0001.jpg,CUP,CUP,cup,multi,cup_simpsons_01;headphones_simpsons_01,included,0,0,1,3800932303b81d78ac45f63e94090d0d9963e21a283d8e09facf777ce5ed462f,V2_geometry_reverified_under_V3_ontology,second_visual_review_approved
P01_user,data/raw/P01/S06/15c1d618223cab16abf21d30acedcfb7.jpg,data/raw/P01/S06/15c1d618223cab16abf21d30acedcfb7.jpg,S06,S04,S04,simpsons_desk,P01_S04_CUP_0002.jpg,data/v3/user/images/P01/S04/P01_S04_CUP_0002.jpg,data/v3/user/images/P01/S04/P01_S04_CUP_0002.jpg,data/v3/user/labels/P01/S04/P01_S04_CUP_0002.txt,data/v3/user/previews/P01/S04/P01_S04_CUP_0002.jpg,CUP,CUP,cup,basic,cup_simpsons_01,included,0,0,1,5b49d6b8a0d0a25724aa23f5da3afb1bfdc16eaa040d1cafa1e2a1a9e4638f08,V2_geometry_reverified_under_V3_ontology,second_visual_review_approved
P01_user,data/raw/P01/S06/2abf39d30f1fd9e7332fbaf3fb7e0293.jpg,data/raw/P01/S06/2abf39d30f1fd9e7332fbaf3fb7e0293.jpg,S06,S04,S04,simpsons_desk,P01_S04_CUP_0003.jpg,data/v3/user/images/P01/S04/P01_S04_CUP_0003.jpg,data/v3/user/images/P01/S04/P01_S04_CUP_0003.jpg,data/v3/user/labels/P01/S04/P01_S04_CUP_0003.txt,data/v3/user/previews/P01/S04/P01_S04_CUP_0003.jpg,CUP,CUP,cup,multi,cup_simpsons_01;headphones_simpsons_01,included,0,0,1,6ebf29b89d070ddce12365be882e8f0bf219e98a7eb4afd2be03110c47adea59,V2_geometry_reverified_under_V3_ontology,second_visual_review_approved
P01_user,data/raw/P01/S06/458679203d547b54a2408788f64fa32c.jpg,data/raw/P01/S06/458679203d547b54a2408788f64fa32c.jpg,S06,S04,S04,simpsons_desk,P01_S04_CUP_0004.jpg,data/v3/user/images/P01/S04/P01_S04_CUP_0004.jpg,data/v3/user/images/P01/S04/P01_S04_CUP_0004.jpg,data/v3/user/labels/P01/S04/P01_S04_CUP_0004.txt,data/v3/user/previews/P01/S04/P01_S04_CUP_0004.jpg,CUP,CUP,cup,multi,cup_simpsons_01;headphones_simpsons_01,included,0,0,1,fe0d57d3d19987a4772288f6e0eb339bb41744cd9ab0627db45ffb66143bc024,V2_geometry_reverified_under_V3_ontology,second_visual_review_approved
P01_user,data/raw/P01/S06/4b52f9b2d3bbf260db733263069e2bd5.jpg,data/raw/P01/S06/4b52f9b2d3bbf260db733263069e2bd5.jpg,S06,S04,S04,simpsons_desk,P01_S04_CUP_0005.jpg,data/v3/user/images/P01/S04/P01_S04_CUP_0005.jpg,data/v3/user/images/P01/S04/P01_S04_CUP_0005.jpg,data/v3/user/labels/P01/S04/P01_S04_CUP_0005.txt,data/v3/user/previews/P01/S04/P01_S04_CUP_0005.jpg,CUP,CUP,cup,basic,cup_simpsons_01,included,0,0,2,e68cf20fc5270d1bab4b339e1381f1332d88f454076a57794bbbed37aef2b37e,V2_geometry_reverified_under_V3_ontology,second_visual_review_approved
P01_user,data/raw/P01/S06/55a64229d4b70b14eaeaae8418ef43c8.jpg,data/raw/P01/S06/55a64229d4b70b14eaeaae8418ef43c8.jpg,S06,S04,S04,simpsons_desk,P01_S04_CUP_0006.jpg,data/v3/user/images/P01/S04/P01_S04_CUP_0006.jpg,data/v3/user/images/P01/S04/P01_S04_CUP_0006.jpg,data/v3/user/labels/P01/S04/P01_S04_CUP_0006.txt,data/v3/user/previews/P01/S04/P01_S04_CUP_0006.jpg,CUP,CUP,cup,basic,cup_simpsons_01,included,0,0,1,ce046292ca558f53d414e654d9944efb851fa118574d61ab06c48cc63a37bd48,V2_geometry_reverified_under_V3_ontology,second_visual_review_approved
P01_user,data/raw/P01/S06/a741c501622cc8725b1a691b54bd7a46.jpg,data/raw/P01/S06/a741c501622cc8725b1a691b54bd7a46.jpg,S06,S04,S04,simpsons_desk,P01_S04_CUP_0007.jpg,data/v3/user/images/P01/S04/P01_S04_CUP_0007.jpg,data/v3/user/images/P01/S04/P01_S04_CUP_0007.jpg,data/v3/user/labels/P01/S04/P01_S04_CUP_0007.txt,data/v3/user/previews/P01/S04/P01_S04_CUP_0007.jpg,CUP,CUP,cup,multi,cup_simpsons_01;headphones_simpsons_01,included,0,0,2,cd9aebd0cb9abfcbd3761400bae6c66b11dfd90aee1c81b0ca29bf7df2ecafa9,V2_geometry_reverified_under_V3_ontology,second_visual_review_approved
P01_user,data/raw/P01/S06/e7da96fd1d60bb638400c8ba11332895.jpg,data/raw/P01/S06/e7da96fd1d60bb638400c8ba11332895.jpg,S06,S04,S04,simpsons_desk,P01_S04_CUP_0008.jpg,data/v3/user/images/P01/S04/P01_S04_CUP_0008.jpg,data/v3/user/images/P01/S04/P01_S04_CUP_0008.jpg,data/v3/user/labels/P01/S04/P01_S04_CUP_0008.txt,data/v3/user/previews/P01/S04/P01_S04_CUP_0008.jpg,CUP,CUP,cup,multi,cup_simpsons_01;headphones_simpsons_01,included,0,0,1,41e95a0b45e6bbe518d2615335ca51d69ab42f5f2c6e082708406be01f4cd2cf,V2_geometry_reverified_under_V3_ontology,second_visual_review_approved
P01_user,data/raw/P01/S06/f3d6f5085991a685e1ba6dc5be6e36c9.jpg,data/raw/P01/S06/f3d6f5085991a685e1ba6dc5be6e36c9.jpg,S06,S04,S04,simpsons_desk,P01_S04_CUP_0009.jpg,data/v3/user/images/P01/S04/P01_S04_CUP_0009.jpg,data/v3/user/images/P01/S04/P01_S04_CUP_0009.jpg,data/v3/user/labels/P01/S04/P01_S04_CUP_0009.txt,data/v3/user/previews/P01/S04/P01_S04_CUP_0009.jpg,CUP,CUP,cup,basic,cup_simpsons_01,included,0,0,2,3b349e9bb3ce75712ec49252d0ad3b65c8302a6b443ecbe18df4419f3749dfd2,V2_geometry_reverified_under_V3_ontology,second_visual_review_approved
P01_user,data/raw/P01/S06/fec971af1db779aed9628e268518e38d.jpg,data/raw/P01/S06/fec971af1db779aed9628e268518e38d.jpg,S06,S04,S04,simpsons_desk,P01_S04_CUP_0010.jpg,data/v3/user/images/P01/S04/P01_S04_CUP_0010.jpg,data/v3/user/images/P01/S04/P01_S04_CUP_0010.jpg,data/v3/user/labels/P01/S04/P01_S04_CUP_0010.txt,data/v3/user/previews/P01/S04/P01_S04_CUP_0010.jpg,CUP,CUP,cup,multi,cup_simpsons_01;headphones_simpsons_01,included,0,0,1,ce1ee8dfd91f243d1e54f0ff190f6d1920b6b8c02be95cc3cd464d0d7d616996,V2_geometry_reverified_under_V3_ontology,second_visual_review_approved
P01_user,data/raw/P01/S06/dae5116440b5495b96b577e4364c1f0b.jpg,data/raw/P01/S06/dae5116440b5495b96b577e4364c1f0b.jpg,S06,S04,S04,simpsons_desk,P01_S04_KEY_0001.jpg,data/v3/user/images/P01/S04/P01_S04_KEY_0001.jpg,data/v3/user/images/P01/S04/P01_S04_KEY_0001.jpg,data/v3/user/labels/P01/S04/P01_S04_KEY_0001.txt,data/v3/user/previews/P01/S04/P01_S04_KEY_0001.jpg,KEY,KEY,keyboard,basic,keyboard_simpsons_01,included,0,1,0,cca0aef5fe47a3a3700b90a990bd1fdc617d8befe23c8fcda0e3551c230dafe6,V2_geometry_reverified_under_V3_ontology,second_visual_review_approved
P01_user,data/raw/P01/S06/07a4fcdb46ba0f699f835d4c362f798f.jpg,data/raw/P01/S06/07a4fcdb46ba0f699f835d4c362f798f.jpg,S06,S04,S04,simpsons_desk,P01_S04_MIX_0001.jpg,data/v3/user/images/P01/S04/P01_S04_MIX_0001.jpg,data/v3/user/images/P01/S04/P01_S04_MIX_0001.jpg,data/v3/user/labels/P01/S04/P01_S04_MIX_0001.txt,data/v3/user/previews/P01/S04/P01_S04_MIX_0001.jpg,MIX,MIX,keyboard;cup,multi,keyboard_simpsons_01;cup_simpsons_01;headphones_simpsons_01,included,0,1,1,652bbe836ac4a46680b970327c5bc64ee2cbf67a5708fa949ac06403d665fea1,V2_geometry_reverified_under_V3_ontology,second_visual_review_approved
P01_user,data/raw/P01/S06/3736b8184c4e5ae86a53c08df1eb5b40.jpg,data/raw/P01/S06/3736b8184c4e5ae86a53c08df1eb5b40.jpg,S06,S04,S04,simpsons_desk,P01_S04_NEG_0001.jpg,data/v3/user/images/P01/S04/P01_S04_NEG_0001.jpg,data/v3/user/images/P01/S04/P01_S04_NEG_0001.jpg,data/v3/user/labels/P01/S04/P01_S04_NEG_0001.txt,data/v3/user/previews/P01/S04/P01_S04_NEG_0001.jpg,NEG,NEG,,basic,mouse_simpsons_01,included,0,0,0,1aa294a5372a2f349b0b74c8db688af04d1358f30ce62050df45abffc77ed68f,V2_geometry_reverified_under_V3_ontology,second_visual_review_approved
P01_user,data/raw/P01/S06/8d3289b47cfd62eb6f250d551ae709c9.jpg,data/raw/P01/S06/8d3289b47cfd62eb6f250d551ae709c9.jpg,S06,S04,S04,simpsons_desk,P01_S04_NEG_0002.jpg,data/v3/user/images/P01/S04/P01_S04_NEG_0002.jpg,data/v3/user/images/P01/S04/P01_S04_NEG_0002.jpg,data/v3/user/labels/P01/S04/P01_S04_NEG_0002.txt,data/v3/user/previews/P01/S04/P01_S04_NEG_0002.jpg,NEG,NEG,,basic,headphones_simpsons_01,included,0,0,0,dd7eeb6d2ff80217b5da6cc338499c9cc703644fbfcaf1629c98d5c895374391,V2_geometry_reverified_under_V3_ontology,second_visual_review_approved
P01_user,data/raw/P01/S06/9a1f8e1aa6cc90036fd74b8500ca3b38.jpg,data/raw/P01/S06/9a1f8e1aa6cc90036fd74b8500ca3b38.jpg,S06,S04,S04,simpsons_desk,P01_S04_NEG_0003.jpg,data/v3/user/images/P01/S04/P01_S04_NEG_0003.jpg,data/v3/user/images/P01/S04/P01_S04_NEG_0003.jpg,data/v3/user/labels/P01/S04/P01_S04_NEG_0003.txt,data/v3/user/previews/P01/S04/P01_S04_NEG_0003.jpg,NEG,NEG,,basic,headphones_simpsons_01,included,0,0,0,8bf691c17b8f86c9103ce49d8c6b2374cf7a5999e60cbba6c8b98c3901fe69cc,V2_geometry_reverified_under_V3_ontology,second_visual_review_approved
P01_user,data/raw/P01/S06/a458f532fd147800cde7936bdab6d914.jpg,data/raw/P01/S06/a458f532fd147800cde7936bdab6d914.jpg,S06,S04,S04,simpsons_desk,P01_S04_NEG_0004.jpg,data/v3/user/images/P01/S04/P01_S04_NEG_0004.jpg,data/v3/user/images/P01/S04/P01_S04_NEG_0004.jpg,data/v3/user/labels/P01/S04/P01_S04_NEG_0004.txt,data/v3/user/previews/P01/S04/P01_S04_NEG_0004.jpg,NEG,NEG,,basic,headphones_simpsons_01,included,0,0,0,84139aab3c061bff9b59ec41c1842a517d122ea3b90093ecb10d0fcd232b398c,V2_geometry_reverified_under_V3_ontology,second_visual_review_approved
P01_user,data/raw/P01/S06/b150b341062f4d1cce7a9e6a6d6d14ac.jpg,data/raw/P01/S06/b150b341062f4d1cce7a9e6a6d6d14ac.jpg,S06,S04,S04,simpsons_desk,P01_S04_NEG_0005.jpg,data/v3/user/images/P01/S04/P01_S04_NEG_0005.jpg,data/v3/user/images/P01/S04/P01_S04_NEG_0005.jpg,data/v3/user/labels/P01/S04/P01_S04_NEG_0005.txt,data/v3/user/previews/P01/S04/P01_S04_NEG_0005.jpg,NEG,NEG,,basic,headphones_simpsons_01,included,0,0,0,d5d23d4612da521f5000161a736dbe556050f3df9606af27dd89f988bc4aca23,V2_geometry_reverified_under_V3_ontology,second_visual_review_approved
P01_user,data/raw/P01/S06/cfeca885a8620a3819ac7cf516f376f2.jpg,data/raw/P01/S06/cfeca885a8620a3819ac7cf516f376f2.jpg,S06,S04,S04,simpsons_desk,P01_S04_NEG_0006.jpg,data/v3/user/images/P01/S04/P01_S04_NEG_0006.jpg,data/v3/user/images/P01/S04/P01_S04_NEG_0006.jpg,data/v3/user/labels/P01/S04/P01_S04_NEG_0006.txt,data/v3/user/previews/P01/S04/P01_S04_NEG_0006.jpg,NEG,NEG,,basic,mouse_simpsons_01,included,0,0,0,648c1a2938156f6c4e5f160637f1f3c5900c88748b70d9d1d588f82dfe0ec571,V2_geometry_reverified_under_V3_ontology,second_visual_review_approved
P01_user,data/raw/P01/S06/e6fa3360513e8b78544b1c302d74edef.jpg,data/raw/P01/S06/e6fa3360513e8b78544b1c302d74edef.jpg,S06,S05,S05,doll_desk,P01_S05_LAP_0001.jpg,data/v3/user/images/P01/S05/P01_S05_LAP_0001.jpg,data/v3/user/images/P01/S05/P01_S05_LAP_0001.jpg,data/v3/user/labels/P01/S05/P01_S05_LAP_0001.txt,data/v3/user/previews/P01/S05/P01_S05_LAP_0001.jpg,LAP,LAP,laptop,basic,laptop_doll_01,included,1,0,0,6f9b6bb35e8d8ea43146b727eaa1574f7f1a7a3863f8c5eab9764174caf0c764,V2_geometry_reverified_under_V3_ontology,second_visual_review_approved
P01_user,data/raw/P01/S06/1c13548f0cf6b47b964126751e53105f.jpg,data/raw/P01/S06/1c13548f0cf6b47b964126751e53105f.jpg,S06,S05,S05,doll_desk,P01_S05_MIX_0001.jpg,data/v3/user/images/P01/S05/P01_S05_MIX_0001.jpg,data/v3/user/images/P01/S05/P01_S05_MIX_0001.jpg,data/v3/user/labels/P01/S05/P01_S05_MIX_0001.txt,data/v3/user/previews/P01/S05/P01_S05_MIX_0001.jpg,MIX,MIX,laptop;cup,multi,laptop_doll_01;cup_doll_01,included,1,0,1,f2873910660be01b29d677cbe992775517abddc6bbc9530eb5f9cac392d6f1bd,V2_geometry_reverified_under_V3_ontology,second_visual_review_approved
P01_user,data/raw/P01/S06/1c8abf840dc70b2b3687bde1ceb38f23.jpg,data/raw/P01/S06/1c8abf840dc70b2b3687bde1ceb38f23.jpg,S06,S05,S05,doll_desk,P01_S05_MIX_0002.jpg,data/v3/user/images/P01/S05/P01_S05_MIX_0002.jpg,data/v3/user/images/P01/S05/P01_S05_MIX_0002.jpg,data/v3/user/labels/P01/S05/P01_S05_MIX_0002.txt,data/v3/user/previews/P01/S05/P01_S05_MIX_0002.jpg,MIX,MIX,laptop;cup,multi,mouse_doll_01;laptop_doll_01;cup_doll_01,included,1,0,1,b1c8ccd36cd263f8ebd12ed77f842d1813456cc4e58c235c32051bf4df9ca996,V2_geometry_reverified_under_V3_ontology,second_visual_review_approved
P01_user,data/raw/P01/S06/1e0600e7c44ad48876c05e9125ad2520.jpg,data/raw/P01/S06/1e0600e7c44ad48876c05e9125ad2520.jpg,S06,S05,S05,doll_desk,P01_S05_MIX_0003.jpg,data/v3/user/images/P01/S05/P01_S05_MIX_0003.jpg,data/v3/user/images/P01/S05/P01_S05_MIX_0003.jpg,data/v3/user/labels/P01/S05/P01_S05_MIX_0003.txt,data/v3/user/previews/P01/S05/P01_S05_MIX_0003.jpg,MIX,MIX,laptop;cup,multi,mouse_doll_01;laptop_doll_01;cup_doll_01,included,1,0,1,2d4e0f1170be6648ba7876ba5a9835d370d69f6f34153e56785480599224d60c,V2_geometry_reverified_under_V3_ontology,second_visual_review_approved
P01_user,data/raw/P01/S06/6003090d371cf667f7fd64bc5910d414.jpg,data/raw/P01/S06/6003090d371cf667f7fd64bc5910d414.jpg,S06,S05,S05,doll_desk,P01_S05_MIX_0004.jpg,data/v3/user/images/P01/S05/P01_S05_MIX_0004.jpg,data/v3/user/images/P01/S05/P01_S05_MIX_0004.jpg,data/v3/user/labels/P01/S05/P01_S05_MIX_0004.txt,data/v3/user/previews/P01/S05/P01_S05_MIX_0004.jpg,MIX,MIX,laptop;cup,multi,mouse_doll_01;laptop_doll_01;cup_doll_01,included,1,0,1,1397d2b66782e5bc1149cf6452137339d2fa30b3679d4461323d11e15a5d9f93,V2_geometry_reverified_under_V3_ontology,second_visual_review_approved
